OCg08oS5Oq4,12 LIFE HACKS WITH NUTELLA,VMcmWCjzsj4,"11 Unusual yet Delicious Ways to Cook Food! | Creative, Unconventional Cooking Hacks by Blossom"
OCg08oS5Oq4,12 LIFE HACKS WITH NUTELLA,4QUz01dABRg,27 CLEVER KITCHEN HACKS
OCg08oS5Oq4,12 LIFE HACKS WITH NUTELLA,c3N09JeRT-s,39 VERR√úCKTE WEGE EIER ZU KOCHEN
OCg08oS5Oq4,12 LIFE HACKS WITH NUTELLA,I-PHULhA9uI,NUTELLA & KINDER BUENO WAFFLE - BEST CREPES IN LONDON - HUGE MILKSHAKES - LONDON STREET FOOD
OCg08oS5Oq4,12 LIFE HACKS WITH NUTELLA,vCbXZO7LEAk,"egg fried cheese toast 2,500KRW / korean street food"
OCg08oS5Oq4,12 LIFE HACKS WITH NUTELLA,tbwXMMGyXcU,Oddly Satisfying Video to Watch Before Sleep for Peace of Mind
OCg08oS5Oq4,12 LIFE HACKS WITH NUTELLA,xozxIO_oLjU,16 PHONE CASE IDEAS YOU CAN MAKE IN 5 MINUTES
OCg08oS5Oq4,12 LIFE HACKS WITH NUTELLA,IKQVfheFkok,FOOD IN COMMERCIALS VS. IN REAL LIFE
OCg08oS5Oq4,12 LIFE HACKS WITH NUTELLA,4TIep6wROjw,Les recettes les plus conviviales du monde üßÄüåéü§©
OCg08oS5Oq4,12 LIFE HACKS WITH NUTELLA,Fj2gi821o_w,Nutella & Oreo Ice Cream Rolls - how to make delicious Nutella and Oreo Cookies ice cream | ASMR
QI1_RJUnD6k,VOC√ä NUNCA MAIS VAI COMER NUTELLA DEPOIS DESSE V√çDEO,SveNqzF9DA0,UM ELEFANTE CHOROU QUANDO FOI SOLTO DEPOIS DE 50 ANOS DE CATIVEIRO
QI1_RJUnD6k,VOC√ä NUNCA MAIS VAI COMER NUTELLA DEPOIS DESSE V√çDEO,GHKAZanjTVE,8 CASAIS INACREDIT√ÅVEIS QUE EXISTEM NO MUNDO
QI1_RJUnD6k,VOC√ä NUNCA MAIS VAI COMER NUTELLA DEPOIS DESSE V√çDEO,6xmRDhW873Y,"An√°lise Espiritual - Carol Capel em ""Minha casa pegou fogo"""
QI1_RJUnD6k,VOC√ä NUNCA MAIS VAI COMER NUTELLA DEPOIS DESSE V√çDEO,34xDt7teBOs,COISAS MUITO ESTRANHAS VISTAS NO C√âU
QI1_RJUnD6k,VOC√ä NUNCA MAIS VAI COMER NUTELLA DEPOIS DESSE V√çDEO,jRV8a5w8swg,Voc√™ NUNCA imaginou que poderia fazer isso !
QI1_RJUnD6k,VOC√ä NUNCA MAIS VAI COMER NUTELLA DEPOIS DESSE V√çDEO,wG6WJD0BZso,VLOG - COMPRINHAS NA DISNEY SPRINGS
QI1_RJUnD6k,VOC√ä NUNCA MAIS VAI COMER NUTELLA DEPOIS DESSE V√çDEO,iwgW8-UuV9A,BANDO DO PALHA√áO QUE ATERRORIZOU S√ÉO PAULO!
QI1_RJUnD6k,VOC√ä NUNCA MAIS VAI COMER NUTELLA DEPOIS DESSE V√çDEO,vD9jO7eqRU4,O GOVERNO EST√Å NOS ESPIANDO ATRAV√âS DO CELULAR
QI1_RJUnD6k,VOC√ä NUNCA MAIS VAI COMER NUTELLA DEPOIS DESSE V√çDEO,S-ZXRrpzRXQ,A VERDADEIRA E MACABRA HIST√ìRIA DE CINDERELA DA DISNEY!
QI1_RJUnD6k,VOC√ä NUNCA MAIS VAI COMER NUTELLA DEPOIS DESSE V√çDEO,CqMtrpGFeLM,UMA BALEIA MORREU ONTEM NO SEA WORLD - SAIBA A VERDADE! ELES EST√ÉO MENTINDO!!!
z6tFkq2WtTI,Bathing in 600 lbs of Nutella,PbG2RuQsAO4,Chilli Eating Contest Bath Chilli Festival Sat 26 Sept 2015
z6tFkq2WtTI,Bathing in 600 lbs of Nutella,alVdORss5_c,Top 100 Greatest Magic Tricks REVEALED & ZACH KING Magic All Vine Funny Videos
z6tFkq2WtTI,Bathing in 600 lbs of Nutella,dwRKfhyzWQM,Wild Wild Wet Waterpark in Singapore (Raggae Music Clip!)
z6tFkq2WtTI,Bathing in 600 lbs of Nutella,7gcl6t7P3qw,The Floor is Lava
z6tFkq2WtTI,Bathing in 600 lbs of Nutella,Y8OFmqRSkwI,"Incre√≠ble la resistencia al fr√≠o que demostraron los gladiadores en el ""Desafr√≠o C7"""
z6tFkq2WtTI,Bathing in 600 lbs of Nutella,9-rMKW-6WBI,Fear Factor Aksiyon - B√∂l√ºm 5 - Ya≈üanan Kavga H√ºsniye ve K√∂ksal'ƒ± Hƒ±rslandƒ±rdƒ±
z6tFkq2WtTI,Bathing in 600 lbs of Nutella,_3oKH9rM_Os,Alex Best Gets Feathered Searching For Stars | I'm A Celebrity... Get Me Out Of Here!
z6tFkq2WtTI,Bathing in 600 lbs of Nutella,Q3atrs8qsn4,ŸÑŸÖÿ¨ÿ±ÿØ ÿßŸÑÿ∂ÿ≠ŸÉ: ÿ¢Ÿäÿ≥ ŸÉÿ±ŸäŸÖ ŸÑÿß ŸÖÿ≠ÿØŸàÿØ!
z6tFkq2WtTI,Bathing in 600 lbs of Nutella,Fj2gi821o_w,Nutella & Oreo Ice Cream Rolls - how to make delicious Nutella and Oreo Cookies ice cream | ASMR
OiZP8RNS2ek,Crazy food processing machine 2018 | NUTELLA,I-PHULhA9uI,NUTELLA & KINDER BUENO WAFFLE - BEST CREPES IN LONDON - HUGE MILKSHAKES - LONDON STREET FOOD
OiZP8RNS2ek,Crazy food processing machine 2018 | NUTELLA,dqHfGyQfanE,Food Industry Machines That Are At Another Level
OiZP8RNS2ek,Crazy food processing machine 2018 | NUTELLA,QRgX2ReFffo,Crazy Food Processing Machines 2019 | Pickles
OiZP8RNS2ek,Crazy food processing machine 2018 | NUTELLA,iZXouP2v-wQ,ŸÑŸÄ ÿπÿ¥ÿßŸÇ ÿßŸÑÿ¥ŸàŸÉŸàŸÑÿßÿ™ÿ© ÿ¥ÿßŸáÿØ Ÿáÿ∞ÿß ÿßŸÑŸÅŸäÿØŸäŸà Ÿàÿ≥ŸàŸÅ Ÿäÿ≥ŸäŸÑ ŸÑÿπÿßÿ®ŸÉ !! (ÿßŸÑŸÅŸäÿØŸäŸà ÿßŸÑÿ£ÿµŸÑŸä ) 6 ŸÖŸÑŸäŸàŸÜ ŸÖÿ¥ÿßŸáÿØÿ©
OiZP8RNS2ek,Crazy food processing machine 2018 | NUTELLA,bK5HDdSCf1g,Amazing Food Processing Machine 2018
OiZP8RNS2ek,Crazy food processing machine 2018 | NUTELLA,Fj2gi821o_w,Nutella & Oreo Ice Cream Rolls - how to make delicious Nutella and Oreo Cookies ice cream | ASMR
OiZP8RNS2ek,Crazy food processing machine 2018 | NUTELLA,CkE9pXyVS4w,Crazy food processing machine 2019 | Compilation #3
OiZP8RNS2ek,Crazy food processing machine 2018 | NUTELLA,l0Zczhiu-ro,30 DELICIOUS 5-MINUTE RECIPES
OiZP8RNS2ek,Crazy food processing machine 2018 | NUTELLA,5_e7EhTJQLU,Original Chocolate Jiggly Cake Cutting
OiZP8RNS2ek,Crazy food processing machine 2018 | NUTELLA,VdGP3oTb9fI,Crazy Food Processing Machine | Biscuit Processing machines
MW2vENGMvB0,18 Simple Tricks and Ideas with Nutella,-RnOJNiGfhE,20 Kitchen Life Hacks
MW2vENGMvB0,18 Simple Tricks and Ideas with Nutella,3Fsf0pCFTs8,15 MAGICAL WATER TRICKS
MW2vENGMvB0,18 Simple Tricks and Ideas with Nutella,Fj2gi821o_w,Nutella & Oreo Ice Cream Rolls - how to make delicious Nutella and Oreo Cookies ice cream | ASMR
MW2vENGMvB0,18 Simple Tricks and Ideas with Nutella,DtGs8eRYsaE,14 ASTUCES COOLS ET D√âLICIEUSES POUR TOI
MW2vENGMvB0,18 Simple Tricks and Ideas with Nutella,OTS6hEVOxLo,Making Slime With Funny Balloons And Floam Bricks
MW2vENGMvB0,18 Simple Tricks and Ideas with Nutella,XeO2zLaJveI,22 DELIZIOSE RICETTE E TRUCCHI PER PREPARARE IN 5 MINUTI
MW2vENGMvB0,18 Simple Tricks and Ideas with Nutella,X3GIC0lOyHs,Top 20 Amazing Birthday Cakes Decorating Ideas - So Yummy Cake - oddly satisfying cake videos
MW2vENGMvB0,18 Simple Tricks and Ideas with Nutella,fOddMj6uKrs,27 UNUSUAL COOKING HACKS
MW2vENGMvB0,18 Simple Tricks and Ideas with Nutella,FO-_nIukGRg,How To Make Wonderful Dessert Ideas | Yummy Cake Recipes By Cake Junkie
MW2vENGMvB0,18 Simple Tricks and Ideas with Nutella,cSHPtfUnGkY,19 Magic Tricks That You Can Do
bwauodQNWtE,Amazing Nutella Chocolate Cake Decorating compilation #95 How to make Nutella Chocolate Cake Videos,pZ8_U6oMP0w,How To Make Chocolate Cake Compilation By So Yummy | Chocolate Cake Decorating Ideas For Holiday
bwauodQNWtE,Amazing Nutella Chocolate Cake Decorating compilation #95 How to make Nutella Chocolate Cake Videos,FT4s0Jul_6s,Delicious Chocolate Cake Starts For August  The Best Chocolate Cake Decorating Recipes Ideas
bwauodQNWtE,Amazing Nutella Chocolate Cake Decorating compilation #95 How to make Nutella Chocolate Cake Videos,VrrY36qSZAQ,5 Unbelievable Cakes | Juice Box with REAL JUICE Inside | Shark | How To Cake It
bwauodQNWtE,Amazing Nutella Chocolate Cake Decorating compilation #95 How to make Nutella Chocolate Cake Videos,rudCSvV5K-U,"Best of August | Cakes, Cupcakes and More Yummy Dessert Recipes"
bwauodQNWtE,Amazing Nutella Chocolate Cake Decorating compilation #95 How to make Nutella Chocolate Cake Videos,GK-C4rMrW-U,PURO CHOCOLATE l Pasteles y Postres a Otro Nivel - Como Hacer Tortas Chocolate 2018
bwauodQNWtE,Amazing Nutella Chocolate Cake Decorating compilation #95 How to make Nutella Chocolate Cake Videos,Fj2gi821o_w,Nutella & Oreo Ice Cream Rolls - how to make delicious Nutella and Oreo Cookies ice cream | ASMR
bwauodQNWtE,Amazing Nutella Chocolate Cake Decorating compilation #95 How to make Nutella Chocolate Cake Videos,X3GIC0lOyHs,Top 20 Amazing Birthday Cakes Decorating Ideas - So Yummy Cake - oddly satisfying cake videos
bwauodQNWtE,Amazing Nutella Chocolate Cake Decorating compilation #95 How to make Nutella Chocolate Cake Videos,S2P5KIDJgl0,Want s'more tiramisu? Classic American dessert with an Italian Twist by So Yummy
bwauodQNWtE,Amazing Nutella Chocolate Cake Decorating compilation #95 How to make Nutella Chocolate Cake Videos,mA1_9mqhLzs,Amazing Chocolate Cake Decorating Compilation #61 - Most satisfying chocolate cake video the world
bwauodQNWtE,Amazing Nutella Chocolate Cake Decorating compilation #95 How to make Nutella Chocolate Cake Videos,Nz-OBqcqjpk,My Favorite Chocolate Cake Decorating - Tutorial Easy Make Chocolate Cake Ideas For Teenger #2
aLJYgaDjlRM,"ASMR NUTELLA SWISS ROLL, NUTELLA DIPPED MACARON, ICE CREAM BAR, MOCHA BUBBLE TEA EATING SHOW",LbAu87dFrMo,"ASMR EDIBLE AIRPODS, GOLF BALLS, SPOONS + ICE CREAM, TANGHULU DONUTS & MARSHMELLOWS EATING SHOW Î®πÎ∞©"
aLJYgaDjlRM,"ASMR NUTELLA SWISS ROLL, NUTELLA DIPPED MACARON, ICE CREAM BAR, MOCHA BUBBLE TEA EATING SHOW",4dYYvPrJyLM,ASMR HOT CHEETOS CHICKEN PARMESAN & SPICY FIRE NOODLES (No Talking) COOKING & EATING SOUNDS
aLJYgaDjlRM,"ASMR NUTELLA SWISS ROLL, NUTELLA DIPPED MACARON, ICE CREAM BAR, MOCHA BUBBLE TEA EATING SHOW",XgULkCLUu8o,MUKBANG Îî∞ÎúªÌïú ÏÉùÌÅ¨Î¶ºÏóê Î™∞Ìã∞Ï†∏Ïä§ Ï¥àÏΩúÎ¶ø ÎßêÏïÑÏÑú Î®πÎ∞© + ÌîåÎ†àÏù∏ ÏöîÍ±∞Ìä∏ Î™∞Ìã∞Ï†ÄÏä§ Î®πÎ∞© Maltesers Chocolate ASMR Eating Sound
aLJYgaDjlRM,"ASMR NUTELLA SWISS ROLL, NUTELLA DIPPED MACARON, ICE CREAM BAR, MOCHA BUBBLE TEA EATING SHOW",Y-5pxBptwOY,"ASMR COTTON CANDY CAKE, ICE CREAM CAKE POPS, SPOONS, BOBA, JEWELS, MARSHMELLOW LOLLIPOP MUKBANG Î®πÎ∞©"
aLJYgaDjlRM,"ASMR NUTELLA SWISS ROLL, NUTELLA DIPPED MACARON, ICE CREAM BAR, MOCHA BUBBLE TEA EATING SHOW",9Ee9Zao6I6w,ASMR EATING JEFFREE STAR'S EDIBLE LIP SCRUBS (BLUE BLOOD COLLECTION) - HIGHEST VOLUME X16
aLJYgaDjlRM,"ASMR NUTELLA SWISS ROLL, NUTELLA DIPPED MACARON, ICE CREAM BAR, MOCHA BUBBLE TEA EATING SHOW",PiIff7OLj-8,"ASMR GREEN FOODS (ROLL CAKES, MOCHI, JELLY ROLLS, FETTUCCINE ALFREDO) Î¶¨ÏñºÏÇ¨Ïö¥Îìú Î®πÎ∞© | Kim&Liz ASMR"
aLJYgaDjlRM,"ASMR NUTELLA SWISS ROLL, NUTELLA DIPPED MACARON, ICE CREAM BAR, MOCHA BUBBLE TEA EATING SHOW",myq5xCYIMJQ,ASMR CHEESY HOT CHEETOS GIANT TURKEY LEG MUKBANG (No Talking) EATING SOUNDS | Zach Choi ASMR
aLJYgaDjlRM,"ASMR NUTELLA SWISS ROLL, NUTELLA DIPPED MACARON, ICE CREAM BAR, MOCHA BUBBLE TEA EATING SHOW",OjndzISOaRE,Most Request ASMR Eating Chocolate Spoons & Ice Cream |  Asmr Edible Spoons | Î≤†Îùº ÏïÑÏù¥Ïä§ÌÅ¨Î¶º Î¶¨ÏñºÏÇ¨Ïö¥Îìú Î®πÎ∞© | ÂêÉÊí≠
aLJYgaDjlRM,"ASMR NUTELLA SWISS ROLL, NUTELLA DIPPED MACARON, ICE CREAM BAR, MOCHA BUBBLE TEA EATING SHOW",VNnZ5H3SmS4,"MOST POPULAR FOOD FOR ASMR with STEPHANIE SOO (Honeycomb, Aloe Vera, Tanghulu, Macarons)"
aLJYgaDjlRM,"ASMR NUTELLA SWISS ROLL, NUTELLA DIPPED MACARON, ICE CREAM BAR, MOCHA BUBBLE TEA EATING SHOW",dseAsUGxFrs,ÎçîÏúÑÏ°∞Ïã¨ÌïòÏÑ∏Ïöî!! Ï¥àÏΩúÎ¶ø ÏïÑÏù¥Ïä§ÌÅ¨Î¶º3Ï¢Ö ~!! Chocolate Ice Cream MuKBang ~!!
O_0Xqwfb9As,OS CONCORRENTES DA NUTELLA - Qual √© o Melhor?,jmgv7SPe7ec,PETIT GATEU CONGELADO MR. BEY
O_0Xqwfb9As,OS CONCORRENTES DA NUTELLA - Qual √© o Melhor?,nrTl0FYStMw,"MOMENTO GOURMET CALDO BOM - Risoto, Sopa e Macarr√£o"
O_0Xqwfb9As,OS CONCORRENTES DA NUTELLA - Qual √© o Melhor?,nKlo27VjTNw,"CAIXAS DE BOMBOM - Qual √© a Melhor? - Lacta, Garoto, Nestle e Arcor"
O_0Xqwfb9As,OS CONCORRENTES DA NUTELLA - Qual √© o Melhor?,BOs4P503GQ4,PORCO NA LATA E FIAMBRE KITUT E BORDON -   Prontos para a Invas√£o Zumbi!
O_0Xqwfb9As,OS CONCORRENTES DA NUTELLA - Qual √© o Melhor?,6RWe6O0oCNs,O MAIOR PASTEL QUE J√Å COMI!  - Pizzaria Boccone
O_0Xqwfb9As,OS CONCORRENTES DA NUTELLA - Qual √© o Melhor?,FBkGo2uR5Yg,MCDONALD'S vs BURGER KING - Batalha de Lan√ßamentos - HASH FRIES 4.0 vs PICANHA CHEDDAR BACON
O_0Xqwfb9As,OS CONCORRENTES DA NUTELLA - Qual √© o Melhor?,_8E7BkxfmTE,DOCES DE MERCADO - √â t√£o Bom Quanto Parece?
O_0Xqwfb9As,OS CONCORRENTES DA NUTELLA - Qual √© o Melhor?,p-ZTn19HBoM,Experimentando PROMO√á√ÉO do IFOOD - Marmitas
O_0Xqwfb9As,OS CONCORRENTES DA NUTELLA - Qual √© o Melhor?,NUcDcUKj-Jw,"MONTANDO PIZZA DE 10  REAIS - T√° Caro, Velberan!"
O_0Xqwfb9As,OS CONCORRENTES DA NUTELLA - Qual √© o Melhor?,I2s175Jn-EU,√â UM MONSTRO!!! - Hot Dog Hiper Mania
FjPQO_rmx6A,PROVANDO NUTELLA PELA PRIMEIRA VEZ,lW5wCo50c2w,24 HORAS COMENDO COMIDAS DE COR ROSA!
FjPQO_rmx6A,PROVANDO NUTELLA PELA PRIMEIRA VEZ,gjDp00x6L6U,DESTRU√ç ESTE DI√ÅRIO
FjPQO_rmx6A,PROVANDO NUTELLA PELA PRIMEIRA VEZ,bpBEBYjwQlI,FUMAMOS NARGUILE ????? ( eu voc√™ e nois responde)
FjPQO_rmx6A,PROVANDO NUTELLA PELA PRIMEIRA VEZ,1Jek4Bmlag8,Fui viajar! ‚úàÔ∏è
FjPQO_rmx6A,PROVANDO NUTELLA PELA PRIMEIRA VEZ,WFMpcULfnxY,ME ENVIARAM UM IPHONE NA CAIXA POSTAL??
FjPQO_rmx6A,PROVANDO NUTELLA PELA PRIMEIRA VEZ,8lsEesxdkGs,SUPER PICOL√â DE NUTELLA GIGANTE QUE DA PRA FAZER EM CASA!
FjPQO_rmx6A,PROVANDO NUTELLA PELA PRIMEIRA VEZ,WaJ63SR3qNM,O BEB√ä EST√Å QUASE NASCENDO üò±
FjPQO_rmx6A,PROVANDO NUTELLA PELA PRIMEIRA VEZ,gwG0KCeF89k,COMI FERRERO ROCHER PELA PRIMEIRA VEZ
FjPQO_rmx6A,PROVANDO NUTELLA PELA PRIMEIRA VEZ,8XkCf4fE0YE,TRANSFORMA√á√ÉO De NORMAL Para G√ìTICA *FIQUEI MUITOO DIFERENTE*
FjPQO_rmx6A,PROVANDO NUTELLA PELA PRIMEIRA VEZ,PPRJtg6i998,PISCINA DE ORBEEZ GIGANTE !!!
IN5lXF1vgIM,Americans Try Nutella For The First Time,JGjeaHe7GkY,Breakfasts | American Kids Try Food From Around the World - Ep 1 | Kids Try | Cut
IN5lXF1vgIM,Americans Try Nutella For The First Time,79sRC0DDWvI,7 Celeb Names You‚Äôre Pronouncing Wrong
IN5lXF1vgIM,Americans Try Nutella For The First Time,1nEU4SiLN7o,Which Celebrity Has The Best Pancake Recipe?
IN5lXF1vgIM,Americans Try Nutella For The First Time,-0Xx-OZ-MRE,Fathers Do Their Daughter's Hair
IN5lXF1vgIM,Americans Try Nutella For The First Time,8GmMLB5EFHY,"TEENS EAT BRITISH SNACKS! (Jaffa Cakes, Sherbet Fountain, Monster Munch) | Teens Vs. Food"
IN5lXF1vgIM,Americans Try Nutella For The First Time,dM7BRsnJJhs,Melting 100 Chocolate Bars Into One Epic Bar
IN5lXF1vgIM,Americans Try Nutella For The First Time,F7XWU_0LZSo,People Try Threading For The First Time
IN5lXF1vgIM,Americans Try Nutella For The First Time,n4bucphC9r4,"$27 Cake Vs. $1,120 Cake"
IN5lXF1vgIM,Americans Try Nutella For The First Time,C5CY6OCtsUA,10 Questions Australians Have For The U.S.
IN5lXF1vgIM,Americans Try Nutella For The First Time,gwzWJ8d-0uw,People Try Weird Food Combinations That Actually Work
OCg08oS5Oq4,12 LIFE HACKS WITH NUTELLA,VMcmWCjzsj4,"11 Unusual yet Delicious Ways to Cook Food! | Creative, Unconventional Cooking Hacks by Blossom"
OCg08oS5Oq4,12 LIFE HACKS WITH NUTELLA,4QUz01dABRg,27 CLEVER KITCHEN HACKS
OCg08oS5Oq4,12 LIFE HACKS WITH NUTELLA,c3N09JeRT-s,39 VERR√úCKTE WEGE EIER ZU KOCHEN
OCg08oS5Oq4,12 LIFE HACKS WITH NUTELLA,I-PHULhA9uI,NUTELLA & KINDER BUENO WAFFLE - BEST CREPES IN LONDON - HUGE MILKSHAKES - LONDON STREET FOOD
OCg08oS5Oq4,12 LIFE HACKS WITH NUTELLA,vCbXZO7LEAk,"egg fried cheese toast 2,500KRW / korean street food"
OCg08oS5Oq4,12 LIFE HACKS WITH NUTELLA,tbwXMMGyXcU,Oddly Satisfying Video to Watch Before Sleep for Peace of Mind
OCg08oS5Oq4,12 LIFE HACKS WITH NUTELLA,xozxIO_oLjU,16 PHONE CASE IDEAS YOU CAN MAKE IN 5 MINUTES
OCg08oS5Oq4,12 LIFE HACKS WITH NUTELLA,IKQVfheFkok,FOOD IN COMMERCIALS VS. IN REAL LIFE
OCg08oS5Oq4,12 LIFE HACKS WITH NUTELLA,4TIep6wROjw,Les recettes les plus conviviales du monde üßÄüåéü§©
OCg08oS5Oq4,12 LIFE HACKS WITH NUTELLA,Fj2gi821o_w,Nutella & Oreo Ice Cream Rolls - how to make delicious Nutella and Oreo Cookies ice cream | ASMR
QI1_RJUnD6k,VOC√ä NUNCA MAIS VAI COMER NUTELLA DEPOIS DESSE V√çDEO,SveNqzF9DA0,UM ELEFANTE CHOROU QUANDO FOI SOLTO DEPOIS DE 50 ANOS DE CATIVEIRO
QI1_RJUnD6k,VOC√ä NUNCA MAIS VAI COMER NUTELLA DEPOIS DESSE V√çDEO,GHKAZanjTVE,8 CASAIS INACREDIT√ÅVEIS QUE EXISTEM NO MUNDO
QI1_RJUnD6k,VOC√ä NUNCA MAIS VAI COMER NUTELLA DEPOIS DESSE V√çDEO,6xmRDhW873Y,"An√°lise Espiritual - Carol Capel em ""Minha casa pegou fogo"""
QI1_RJUnD6k,VOC√ä NUNCA MAIS VAI COMER NUTELLA DEPOIS DESSE V√çDEO,34xDt7teBOs,COISAS MUITO ESTRANHAS VISTAS NO C√âU
QI1_RJUnD6k,VOC√ä NUNCA MAIS VAI COMER NUTELLA DEPOIS DESSE V√çDEO,jRV8a5w8swg,Voc√™ NUNCA imaginou que poderia fazer isso !
QI1_RJUnD6k,VOC√ä NUNCA MAIS VAI COMER NUTELLA DEPOIS DESSE V√çDEO,wG6WJD0BZso,VLOG - COMPRINHAS NA DISNEY SPRINGS
QI1_RJUnD6k,VOC√ä NUNCA MAIS VAI COMER NUTELLA DEPOIS DESSE V√çDEO,iwgW8-UuV9A,BANDO DO PALHA√áO QUE ATERRORIZOU S√ÉO PAULO!
QI1_RJUnD6k,VOC√ä NUNCA MAIS VAI COMER NUTELLA DEPOIS DESSE V√çDEO,vD9jO7eqRU4,O GOVERNO EST√Å NOS ESPIANDO ATRAV√âS DO CELULAR
QI1_RJUnD6k,VOC√ä NUNCA MAIS VAI COMER NUTELLA DEPOIS DESSE V√çDEO,S-ZXRrpzRXQ,A VERDADEIRA E MACABRA HIST√ìRIA DE CINDERELA DA DISNEY!
QI1_RJUnD6k,VOC√ä NUNCA MAIS VAI COMER NUTELLA DEPOIS DESSE V√çDEO,CqMtrpGFeLM,UMA BALEIA MORREU ONTEM NO SEA WORLD - SAIBA A VERDADE! ELES EST√ÉO MENTINDO!!!
z6tFkq2WtTI,Bathing in 600 lbs of Nutella,PbG2RuQsAO4,Chilli Eating Contest Bath Chilli Festival Sat 26 Sept 2015
z6tFkq2WtTI,Bathing in 600 lbs of Nutella,alVdORss5_c,Top 100 Greatest Magic Tricks REVEALED & ZACH KING Magic All Vine Funny Videos
z6tFkq2WtTI,Bathing in 600 lbs of Nutella,dwRKfhyzWQM,Wild Wild Wet Waterpark in Singapore (Raggae Music Clip!)
z6tFkq2WtTI,Bathing in 600 lbs of Nutella,7gcl6t7P3qw,The Floor is Lava
z6tFkq2WtTI,Bathing in 600 lbs of Nutella,Y8OFmqRSkwI,"Incre√≠ble la resistencia al fr√≠o que demostraron los gladiadores en el ""Desafr√≠o C7"""
z6tFkq2WtTI,Bathing in 600 lbs of Nutella,9-rMKW-6WBI,Fear Factor Aksiyon - B√∂l√ºm 5 - Ya≈üanan Kavga H√ºsniye ve K√∂ksal'ƒ± Hƒ±rslandƒ±rdƒ±
z6tFkq2WtTI,Bathing in 600 lbs of Nutella,_3oKH9rM_Os,Alex Best Gets Feathered Searching For Stars | I'm A Celebrity... Get Me Out Of Here!
z6tFkq2WtTI,Bathing in 600 lbs of Nutella,Q3atrs8qsn4,ŸÑŸÖÿ¨ÿ±ÿØ ÿßŸÑÿ∂ÿ≠ŸÉ: ÿ¢Ÿäÿ≥ ŸÉÿ±ŸäŸÖ ŸÑÿß ŸÖÿ≠ÿØŸàÿØ!
z6tFkq2WtTI,Bathing in 600 lbs of Nutella,Fj2gi821o_w,Nutella & Oreo Ice Cream Rolls - how to make delicious Nutella and Oreo Cookies ice cream | ASMR
OiZP8RNS2ek,Crazy food processing machine 2018 | NUTELLA,I-PHULhA9uI,NUTELLA & KINDER BUENO WAFFLE - BEST CREPES IN LONDON - HUGE MILKSHAKES - LONDON STREET FOOD
OiZP8RNS2ek,Crazy food processing machine 2018 | NUTELLA,dqHfGyQfanE,Food Industry Machines That Are At Another Level
OiZP8RNS2ek,Crazy food processing machine 2018 | NUTELLA,QRgX2ReFffo,Crazy Food Processing Machines 2019 | Pickles
OiZP8RNS2ek,Crazy food processing machine 2018 | NUTELLA,iZXouP2v-wQ,ŸÑŸÄ ÿπÿ¥ÿßŸÇ ÿßŸÑÿ¥ŸàŸÉŸàŸÑÿßÿ™ÿ© ÿ¥ÿßŸáÿØ Ÿáÿ∞ÿß ÿßŸÑŸÅŸäÿØŸäŸà Ÿàÿ≥ŸàŸÅ Ÿäÿ≥ŸäŸÑ ŸÑÿπÿßÿ®ŸÉ !! (ÿßŸÑŸÅŸäÿØŸäŸà ÿßŸÑÿ£ÿµŸÑŸä ) 6 ŸÖŸÑŸäŸàŸÜ ŸÖÿ¥ÿßŸáÿØÿ©
OiZP8RNS2ek,Crazy food processing machine 2018 | NUTELLA,bK5HDdSCf1g,Amazing Food Processing Machine 2018
OiZP8RNS2ek,Crazy food processing machine 2018 | NUTELLA,Fj2gi821o_w,Nutella & Oreo Ice Cream Rolls - how to make delicious Nutella and Oreo Cookies ice cream | ASMR
OiZP8RNS2ek,Crazy food processing machine 2018 | NUTELLA,CkE9pXyVS4w,Crazy food processing machine 2019 | Compilation #3
OiZP8RNS2ek,Crazy food processing machine 2018 | NUTELLA,l0Zczhiu-ro,30 DELICIOUS 5-MINUTE RECIPES
OiZP8RNS2ek,Crazy food processing machine 2018 | NUTELLA,5_e7EhTJQLU,Original Chocolate Jiggly Cake Cutting
OiZP8RNS2ek,Crazy food processing machine 2018 | NUTELLA,VdGP3oTb9fI,Crazy Food Processing Machine | Biscuit Processing machines
MW2vENGMvB0,18 Simple Tricks and Ideas with Nutella,-RnOJNiGfhE,20 Kitchen Life Hacks
MW2vENGMvB0,18 Simple Tricks and Ideas with Nutella,3Fsf0pCFTs8,15 MAGICAL WATER TRICKS
MW2vENGMvB0,18 Simple Tricks and Ideas with Nutella,Fj2gi821o_w,Nutella & Oreo Ice Cream Rolls - how to make delicious Nutella and Oreo Cookies ice cream | ASMR
MW2vENGMvB0,18 Simple Tricks and Ideas with Nutella,DtGs8eRYsaE,14 ASTUCES COOLS ET D√âLICIEUSES POUR TOI
MW2vENGMvB0,18 Simple Tricks and Ideas with Nutella,OTS6hEVOxLo,Making Slime With Funny Balloons And Floam Bricks
MW2vENGMvB0,18 Simple Tricks and Ideas with Nutella,XeO2zLaJveI,22 DELIZIOSE RICETTE E TRUCCHI PER PREPARARE IN 5 MINUTI
MW2vENGMvB0,18 Simple Tricks and Ideas with Nutella,X3GIC0lOyHs,Top 20 Amazing Birthday Cakes Decorating Ideas - So Yummy Cake - oddly satisfying cake videos
MW2vENGMvB0,18 Simple Tricks and Ideas with Nutella,FO-_nIukGRg,How To Make Wonderful Dessert Ideas | Yummy Cake Recipes By Cake Junkie
MW2vENGMvB0,18 Simple Tricks and Ideas with Nutella,fOddMj6uKrs,27 UNUSUAL COOKING HACKS
MW2vENGMvB0,18 Simple Tricks and Ideas with Nutella,cSHPtfUnGkY,19 Magic Tricks That You Can Do
bwauodQNWtE,Amazing Nutella Chocolate Cake Decorating compilation #95 How to make Nutella Chocolate Cake Videos,pZ8_U6oMP0w,How To Make Chocolate Cake Compilation By So Yummy | Chocolate Cake Decorating Ideas For Holiday
bwauodQNWtE,Amazing Nutella Chocolate Cake Decorating compilation #95 How to make Nutella Chocolate Cake Videos,FT4s0Jul_6s,Delicious Chocolate Cake Starts For August  The Best Chocolate Cake Decorating Recipes Ideas
bwauodQNWtE,Amazing Nutella Chocolate Cake Decorating compilation #95 How to make Nutella Chocolate Cake Videos,VrrY36qSZAQ,5 Unbelievable Cakes | Juice Box with REAL JUICE Inside | Shark | How To Cake It
bwauodQNWtE,Amazing Nutella Chocolate Cake Decorating compilation #95 How to make Nutella Chocolate Cake Videos,rudCSvV5K-U,"Best of August | Cakes, Cupcakes and More Yummy Dessert Recipes"
bwauodQNWtE,Amazing Nutella Chocolate Cake Decorating compilation #95 How to make Nutella Chocolate Cake Videos,GK-C4rMrW-U,PURO CHOCOLATE l Pasteles y Postres a Otro Nivel - Como Hacer Tortas Chocolate 2018
bwauodQNWtE,Amazing Nutella Chocolate Cake Decorating compilation #95 How to make Nutella Chocolate Cake Videos,Fj2gi821o_w,Nutella & Oreo Ice Cream Rolls - how to make delicious Nutella and Oreo Cookies ice cream | ASMR
bwauodQNWtE,Amazing Nutella Chocolate Cake Decorating compilation #95 How to make Nutella Chocolate Cake Videos,X3GIC0lOyHs,Top 20 Amazing Birthday Cakes Decorating Ideas - So Yummy Cake - oddly satisfying cake videos
bwauodQNWtE,Amazing Nutella Chocolate Cake Decorating compilation #95 How to make Nutella Chocolate Cake Videos,S2P5KIDJgl0,Want s'more tiramisu? Classic American dessert with an Italian Twist by So Yummy
bwauodQNWtE,Amazing Nutella Chocolate Cake Decorating compilation #95 How to make Nutella Chocolate Cake Videos,mA1_9mqhLzs,Amazing Chocolate Cake Decorating Compilation #61 - Most satisfying chocolate cake video the world
bwauodQNWtE,Amazing Nutella Chocolate Cake Decorating compilation #95 How to make Nutella Chocolate Cake Videos,Nz-OBqcqjpk,My Favorite Chocolate Cake Decorating - Tutorial Easy Make Chocolate Cake Ideas For Teenger #2
aLJYgaDjlRM,"ASMR NUTELLA SWISS ROLL, NUTELLA DIPPED MACARON, ICE CREAM BAR, MOCHA BUBBLE TEA EATING SHOW",LbAu87dFrMo,"ASMR EDIBLE AIRPODS, GOLF BALLS, SPOONS + ICE CREAM, TANGHULU DONUTS & MARSHMELLOWS EATING SHOW Î®πÎ∞©"
aLJYgaDjlRM,"ASMR NUTELLA SWISS ROLL, NUTELLA DIPPED MACARON, ICE CREAM BAR, MOCHA BUBBLE TEA EATING SHOW",4dYYvPrJyLM,ASMR HOT CHEETOS CHICKEN PARMESAN & SPICY FIRE NOODLES (No Talking) COOKING & EATING SOUNDS
aLJYgaDjlRM,"ASMR NUTELLA SWISS ROLL, NUTELLA DIPPED MACARON, ICE CREAM BAR, MOCHA BUBBLE TEA EATING SHOW",XgULkCLUu8o,MUKBANG Îî∞ÎúªÌïú ÏÉùÌÅ¨Î¶ºÏóê Î™∞Ìã∞Ï†∏Ïä§ Ï¥àÏΩúÎ¶ø ÎßêÏïÑÏÑú Î®πÎ∞© + ÌîåÎ†àÏù∏ ÏöîÍ±∞Ìä∏ Î™∞Ìã∞Ï†ÄÏä§ Î®πÎ∞© Maltesers Chocolate ASMR Eating Sound
aLJYgaDjlRM,"ASMR NUTELLA SWISS ROLL, NUTELLA DIPPED MACARON, ICE CREAM BAR, MOCHA BUBBLE TEA EATING SHOW",Y-5pxBptwOY,"ASMR COTTON CANDY CAKE, ICE CREAM CAKE POPS, SPOONS, BOBA, JEWELS, MARSHMELLOW LOLLIPOP MUKBANG Î®πÎ∞©"
aLJYgaDjlRM,"ASMR NUTELLA SWISS ROLL, NUTELLA DIPPED MACARON, ICE CREAM BAR, MOCHA BUBBLE TEA EATING SHOW",9Ee9Zao6I6w,ASMR EATING JEFFREE STAR'S EDIBLE LIP SCRUBS (BLUE BLOOD COLLECTION) - HIGHEST VOLUME X16
aLJYgaDjlRM,"ASMR NUTELLA SWISS ROLL, NUTELLA DIPPED MACARON, ICE CREAM BAR, MOCHA BUBBLE TEA EATING SHOW",PiIff7OLj-8,"ASMR GREEN FOODS (ROLL CAKES, MOCHI, JELLY ROLLS, FETTUCCINE ALFREDO) Î¶¨ÏñºÏÇ¨Ïö¥Îìú Î®πÎ∞© | Kim&Liz ASMR"
aLJYgaDjlRM,"ASMR NUTELLA SWISS ROLL, NUTELLA DIPPED MACARON, ICE CREAM BAR, MOCHA BUBBLE TEA EATING SHOW",myq5xCYIMJQ,ASMR CHEESY HOT CHEETOS GIANT TURKEY LEG MUKBANG (No Talking) EATING SOUNDS | Zach Choi ASMR
aLJYgaDjlRM,"ASMR NUTELLA SWISS ROLL, NUTELLA DIPPED MACARON, ICE CREAM BAR, MOCHA BUBBLE TEA EATING SHOW",OjndzISOaRE,Most Request ASMR Eating Chocolate Spoons & Ice Cream |  Asmr Edible Spoons | Î≤†Îùº ÏïÑÏù¥Ïä§ÌÅ¨Î¶º Î¶¨ÏñºÏÇ¨Ïö¥Îìú Î®πÎ∞© | ÂêÉÊí≠
aLJYgaDjlRM,"ASMR NUTELLA SWISS ROLL, NUTELLA DIPPED MACARON, ICE CREAM BAR, MOCHA BUBBLE TEA EATING SHOW",VNnZ5H3SmS4,"MOST POPULAR FOOD FOR ASMR with STEPHANIE SOO (Honeycomb, Aloe Vera, Tanghulu, Macarons)"
aLJYgaDjlRM,"ASMR NUTELLA SWISS ROLL, NUTELLA DIPPED MACARON, ICE CREAM BAR, MOCHA BUBBLE TEA EATING SHOW",GSZ2gIzVzjY,"ASMR EATING HUGE WATERMELON GUMMI (JELLO) SOFT, STICKY, SQUISHY EATING SOUNDS (MUKBANG EATING SHOW)"
O_0Xqwfb9As,OS CONCORRENTES DA NUTELLA - Qual √© o Melhor?,jmgv7SPe7ec,PETIT GATEU CONGELADO MR. BEY
O_0Xqwfb9As,OS CONCORRENTES DA NUTELLA - Qual √© o Melhor?,nrTl0FYStMw,"MOMENTO GOURMET CALDO BOM - Risoto, Sopa e Macarr√£o"
O_0Xqwfb9As,OS CONCORRENTES DA NUTELLA - Qual √© o Melhor?,nKlo27VjTNw,"CAIXAS DE BOMBOM - Qual √© a Melhor? - Lacta, Garoto, Nestle e Arcor"
O_0Xqwfb9As,OS CONCORRENTES DA NUTELLA - Qual √© o Melhor?,BOs4P503GQ4,PORCO NA LATA E FIAMBRE KITUT E BORDON -   Prontos para a Invas√£o Zumbi!
O_0Xqwfb9As,OS CONCORRENTES DA NUTELLA - Qual √© o Melhor?,6RWe6O0oCNs,O MAIOR PASTEL QUE J√Å COMI!  - Pizzaria Boccone
O_0Xqwfb9As,OS CONCORRENTES DA NUTELLA - Qual √© o Melhor?,FBkGo2uR5Yg,MCDONALD'S vs BURGER KING - Batalha de Lan√ßamentos - HASH FRIES 4.0 vs PICANHA CHEDDAR BACON
O_0Xqwfb9As,OS CONCORRENTES DA NUTELLA - Qual √© o Melhor?,_8E7BkxfmTE,DOCES DE MERCADO - √â t√£o Bom Quanto Parece?
O_0Xqwfb9As,OS CONCORRENTES DA NUTELLA - Qual √© o Melhor?,p-ZTn19HBoM,Experimentando PROMO√á√ÉO do IFOOD - Marmitas
O_0Xqwfb9As,OS CONCORRENTES DA NUTELLA - Qual √© o Melhor?,NUcDcUKj-Jw,"MONTANDO PIZZA DE 10  REAIS - T√° Caro, Velberan!"
O_0Xqwfb9As,OS CONCORRENTES DA NUTELLA - Qual √© o Melhor?,I2s175Jn-EU,√â UM MONSTRO!!! - Hot Dog Hiper Mania
FjPQO_rmx6A,PROVANDO NUTELLA PELA PRIMEIRA VEZ,lW5wCo50c2w,24 HORAS COMENDO COMIDAS DE COR ROSA!
FjPQO_rmx6A,PROVANDO NUTELLA PELA PRIMEIRA VEZ,gjDp00x6L6U,DESTRU√ç ESTE DI√ÅRIO
FjPQO_rmx6A,PROVANDO NUTELLA PELA PRIMEIRA VEZ,bpBEBYjwQlI,FUMAMOS NARGUILE ????? ( eu voc√™ e nois responde)
FjPQO_rmx6A,PROVANDO NUTELLA PELA PRIMEIRA VEZ,1Jek4Bmlag8,Fui viajar! ‚úàÔ∏è
FjPQO_rmx6A,PROVANDO NUTELLA PELA PRIMEIRA VEZ,WFMpcULfnxY,ME ENVIARAM UM IPHONE NA CAIXA POSTAL??
FjPQO_rmx6A,PROVANDO NUTELLA PELA PRIMEIRA VEZ,8lsEesxdkGs,SUPER PICOL√â DE NUTELLA GIGANTE QUE DA PRA FAZER EM CASA!
FjPQO_rmx6A,PROVANDO NUTELLA PELA PRIMEIRA VEZ,WaJ63SR3qNM,O BEB√ä EST√Å QUASE NASCENDO üò±
FjPQO_rmx6A,PROVANDO NUTELLA PELA PRIMEIRA VEZ,gwG0KCeF89k,COMI FERRERO ROCHER PELA PRIMEIRA VEZ
FjPQO_rmx6A,PROVANDO NUTELLA PELA PRIMEIRA VEZ,8XkCf4fE0YE,TRANSFORMA√á√ÉO De NORMAL Para G√ìTICA *FIQUEI MUITOO DIFERENTE*
FjPQO_rmx6A,PROVANDO NUTELLA PELA PRIMEIRA VEZ,PPRJtg6i998,PISCINA DE ORBEEZ GIGANTE !!!
IN5lXF1vgIM,Americans Try Nutella For The First Time,JGjeaHe7GkY,Breakfasts | American Kids Try Food From Around the World - Ep 1 | Kids Try | Cut
IN5lXF1vgIM,Americans Try Nutella For The First Time,79sRC0DDWvI,7 Celeb Names You‚Äôre Pronouncing Wrong
IN5lXF1vgIM,Americans Try Nutella For The First Time,1nEU4SiLN7o,Which Celebrity Has The Best Pancake Recipe?
IN5lXF1vgIM,Americans Try Nutella For The First Time,-0Xx-OZ-MRE,Fathers Do Their Daughter's Hair
IN5lXF1vgIM,Americans Try Nutella For The First Time,8GmMLB5EFHY,"TEENS EAT BRITISH SNACKS! (Jaffa Cakes, Sherbet Fountain, Monster Munch) | Teens Vs. Food"
IN5lXF1vgIM,Americans Try Nutella For The First Time,dM7BRsnJJhs,Melting 100 Chocolate Bars Into One Epic Bar
IN5lXF1vgIM,Americans Try Nutella For The First Time,F7XWU_0LZSo,People Try Threading For The First Time
IN5lXF1vgIM,Americans Try Nutella For The First Time,n4bucphC9r4,"$27 Cake Vs. $1,120 Cake"
IN5lXF1vgIM,Americans Try Nutella For The First Time,C5CY6OCtsUA,10 Questions Australians Have For The U.S.
IN5lXF1vgIM,Americans Try Nutella For The First Time,gwzWJ8d-0uw,People Try Weird Food Combinations That Actually Work
