video_id,video_name,channel_title,channel_id,published_at,thumbnail_url,type
AqR1KBhVvL8,Banheira De Nutella (ULTIMATE),Luccas Neto Antigo,UClZ6fWQ87gImd-hCE0kKTog,2019-03-05T17:16:08.000Z,https://i.ytimg.com/vi/AqR1KBhVvL8/default.jpg,resultado de busca
z6tFkq2WtTI,Bathing in 600 lbs of Nutella,Cemre,UCTYPI3osBN9nGTSbYGm0rIQ,2016-09-30T19:18:23.000Z,https://i.ytimg.com/vi/z6tFkq2WtTI/default.jpg,video relacionado
0me2NyqR7A4,PADARIA FERRAGENS,Parafernalha,UCddYq41_tZ1FnLlguLT6-Ow,2013-06-08T11:43:57.000Z,https://i.ytimg.com/vi/0me2NyqR7A4/default.jpg,video relacionado
sytdZq2xmdg,10 TOBO√ÅGUAS MAIS RADICAIS DO MUNDO!,Felipe Neto,UCV306eHqgo0LvBf3Mh36AHg,2018-07-04T20:47:21.000Z,https://i.ytimg.com/vi/sytdZq2xmdg/default.jpg,video relacionado
ZryoRM4Zcpc,MEU FIDGET SPINNER M√ÅGICO (Parte 1),Maria Clara & JP,UCKe6w0exI94U-RzqAyoY1VA,2017-12-28T01:38:28.000Z,https://i.ytimg.com/vi/ZryoRM4Zcpc/default.jpg,video relacionado
jH402JKroV8,12 QUASE MORTES FILMADAS POR GOPRO E C√ÇMERAS,Voc√™ Sabia?,UCj0O6W8yDuLg3iraAXKgCrQ,2018-04-22T17:39:09.000Z,https://i.ytimg.com/vi/jH402JKroV8/default.jpg,video relacionado
heYc6xK247U,A VIDA DE MARIVALDA - Marivalda faz seu irm√£o de escravo ( EPIS√ìDIO 7 ),Henrique Nemes,UC-4TwmWQShd0R6YZ_HJ0NfA,2018-04-24T04:46:25.000Z,https://i.ytimg.com/vi/heYc6xK247U/default.jpg,video relacionado
-uf-xobjTBU,OS 5 LUGARES MAIS DOLOROSOS DO CORPO PARA TATUAGEM,Felipe Neto,UCV306eHqgo0LvBf3Mh36AHg,2018-09-24T12:43:25.000Z,https://i.ytimg.com/vi/-uf-xobjTBU/default.jpg,video relacionado
ZA5CuAavcq4,DESAFIO DA BANHEIRA DE LISTERINE !! ( 100 LITROS ) [ REZENDE EVIL ],rezendeevil,UCbTVTephX30ZhQF5zwFppBg,2017-11-15T18:19:43.000Z,https://i.ytimg.com/vi/ZA5CuAavcq4/default.jpg,video relacionado
JApXgvWde1Y,PEGADINHAS MAIS INCR√çVEIS DO MUNDO,Felipe Neto,UCV306eHqgo0LvBf3Mh36AHg,2018-07-22T11:56:17.000Z,https://i.ytimg.com/vi/JApXgvWde1Y/default.jpg,video relacionado
uSxarJIX0LY,FIZ UMA PONTE DE PISCINA COM TATAME E CORRI EM CIMA DELA,LUCCAS NETO - LUCCAS TOON,UC_gV70G_Y51LTa3qhu8KiEA,2018-05-16T11:41:45.000Z,https://i.ytimg.com/vi/uSxarJIX0LY/default.jpg,video relacionado
PbG2RuQsAO4,Chilli Eating Contest Bath Chilli Festival Sat 26 Sept 2015,Clifton Chilli Club,UCDLqJTA7dTQG2kCB2T266_w,2015-09-27T13:46:10.000Z,https://i.ytimg.com/vi/PbG2RuQsAO4/default.jpg,video relacionado
CFKkAWS3hD0,Rasputia causes mayhem at the waterpark,metaknightdemon,UCVo70e-w_kesdK8m_rdv6fg,2018-04-01T20:10:00.000Z,https://i.ytimg.com/vi/CFKkAWS3hD0/default.jpg,video relacionado
7gcl6t7P3qw,The Floor is Lava,RocketJump,UCDsO-0Yo5zpJk575nKXgMVA,2017-09-13T02:54:19.000Z,https://i.ytimg.com/vi/7gcl6t7P3qw/default.jpg,video relacionado
9-rMKW-6WBI,Fear Factor Aksiyon - B√∂l√ºm 5 - Ya≈üanan Kavga H√ºsniye ve K√∂ksal'ƒ± Hƒ±rslandƒ±rdƒ±,FearFactor Turkiye,UCBMTfmjPhi_fAqPDF8fsqGA,2013-07-19T15:04:36.000Z,https://i.ytimg.com/vi/9-rMKW-6WBI/default.jpg,video relacionado
Mv-xGJnGyv8,Oscar'a aday olan 5 kƒ±sa film,Muhammed Nal√ßa,UCKf1w-Da2rXhjwutN1KCh4Q,2017-02-10T20:38:34.000Z,https://i.ytimg.com/vi/Mv-xGJnGyv8/default.jpg,video relacionado
8cgN2HYMb28,NAJGORSZE SYTUACJE NA GRILLU,WiP Bros.,UC2C4KLIkTxXZlA8P2AEckJg,2018-07-18T23:28:22.000Z,https://i.ytimg.com/vi/8cgN2HYMb28/default.jpg,video relacionado
Q3atrs8qsn4,ŸÑŸÖÿ¨ÿ±ÿØ ÿßŸÑÿ∂ÿ≠ŸÉ: ÿ¢Ÿäÿ≥ ŸÉÿ±ŸäŸÖ ŸÑÿß ŸÖÿ≠ÿØŸàÿØ!,Just For Laughs Gags Arabic,UCbS2xV_ICyVCIB9q6WLy0aQ,2013-05-22T14:45:04.000Z,https://i.ytimg.com/vi/Q3atrs8qsn4/default.jpg,video relacionado
_3oKH9rM_Os,Alex Best Gets Feathered Searching For Stars | I'm A Celebrity... Get Me Out Of Here!,I'm A Celebrity... Get Me Out Of Here!,UCcjQhy2dG8IMkBDDtegv23g,2015-10-19T13:58:46.000Z,https://i.ytimg.com/vi/_3oKH9rM_Os/default.jpg,video relacionado
fDEzKLrqPcM,WATERMELON VS COCA COLA VS MENTOS Experiment WATERMELON vs MATCHES,Camera Otonda,UCxwdq6_bQfOgrCIvzxxF47Q,2019-09-19T23:14:16.000Z,https://i.ytimg.com/vi/fDEzKLrqPcM/default.jpg,video relacionado
mwoWOWb3cPM,"Chilli Eating Competition - Eindhoven, Holland (Netherlands) - Sept 9th 2018",Clifton Chilli Club,UCDLqJTA7dTQG2kCB2T266_w,2018-09-13T14:25:52.000Z,https://i.ytimg.com/vi/mwoWOWb3cPM/default.jpg,video relacionado
bLq3PYz4nM8,America‚Äôs Got Talent 2017 - Most Dangerous Acts of the Year - Part 2,AmazingSingles,UCTi3mRHhtqqrz5rXgw0F3mw,2017-08-05T18:02:13.000Z,https://i.ytimg.com/vi/bLq3PYz4nM8/default.jpg,video relacionado
WJEYYcdblkw,Ink Masters Slap Off Contest KO (Full Video) Championship Match (Must Watch),WILLY BEAMAN,UCvod8n_JPDV2uRATDrS939A,2015-03-12T01:51:56.000Z,https://i.ytimg.com/vi/WJEYYcdblkw/default.jpg,video relacionado
8G_SucsZz44,Chilli Eating Contest | Grillstock | Sunday 3rd July 2016,Clifton Chilli Club,UCDLqJTA7dTQG2kCB2T266_w,2016-07-06T18:12:23.000Z,https://i.ytimg.com/vi/8G_SucsZz44/default.jpg,video relacionado
qbn2aTA_vss,"ÏÑúÏö∏ ÏàòÏÇ∞ÏãúÏû• / Ïã†ÏÑ†Ìïú Í∞úÎ∂à ÏÜêÏßà, Í∞úÎ∂à ÌöåÎú®Í∏∞, ÏÑ∏Íº¨Ïãú, Í∞ïÏÑú ÏàòÏÇ∞ÏãúÏû•, Korean Fish Market Spoon Worm, Korean Street Food, 4K",Tasty Travel,UC084zOc5knHoHr81teIziwQ,2018-12-20T23:38:29.000Z,https://i.ytimg.com/vi/qbn2aTA_vss/default.jpg,video relacionado
b6A_ZXLA6pA,„ÄêÂ§ßÈ£ü„ÅÑ„Äë„ÅÑ„Å§„ÇÇÊÅã„Åó„ÅÑ„Ç∏„É©„Éï‰ºö„Äê„Éá„Ç´Áõõ„Çä„Äë,Â§ßÈ£ü„ÅÑ„Çâ„Åô„Åã„Çã,UCQUdNis13Y2bXiV7fssSNCg,2018-11-04T04:19:12.000Z,https://i.ytimg.com/vi/b6A_ZXLA6pA/default.jpg,video relacionado
deMJVBEkybo,G√ºlmekten Sƒ±√ßƒ±rtan Komik T√úRK Videolarƒ± - Yurdum ƒ∞nsanƒ± #6,Lokum Medya,UCTQKu5BNbO8VVsvPgV9Dq3Q,2018-06-11T17:01:38.000Z,https://i.ytimg.com/vi/deMJVBEkybo/default.jpg,video relacionado
cAQIDvyaMK4,Paying People To Eat The World's Hottest Beef Jerky! (Made w/ Carolina Reaper),EpicFiveTV,UCuPUHlLP5POZphOIrjrNxiw,2016-12-13T11:35:27.000Z,https://i.ytimg.com/vi/cAQIDvyaMK4/default.jpg,video relacionado
sGNkuZN8GXs,Chilli Pepper Eating Contest | Grillstock | Saturday 7 June 2014,Clifton Chilli Club,UCDLqJTA7dTQG2kCB2T266_w,2014-06-09T18:18:54.000Z,https://i.ytimg.com/vi/sGNkuZN8GXs/default.jpg,video relacionado
OATYJ6XB0ho,The Ultimate Super FUNNY MOMENTS & FAILS Compilation ‚úî,Cat Tuber,UCF_Xf8l8kspCPkgzhn5sYRw,2019-04-22T23:54:05.000Z,https://i.ytimg.com/vi/OATYJ6XB0ho/default.jpg,video relacionado
sGNkuZN8GXs,Chilli Pepper Eating Contest | Grillstock | Saturday 7 June 2014,Clifton Chilli Club,UCDLqJTA7dTQG2kCB2T266_w,2014-06-09T18:18:54.000Z,https://i.ytimg.com/vi/sGNkuZN8GXs/default.jpg,video relacionado
XoAPIpOZYA4,DON'T TRY THIS AT HOME! | The Most DANGEROUS Got Talent Acts EVER,Got Talent Global,UCe_Fx4EZAgKjDz0aQ_Y7hSA,2016-10-12T11:11:44.000Z,https://i.ytimg.com/vi/XoAPIpOZYA4/default.jpg,video relacionado
WJEYYcdblkw,Ink Masters Slap Off Contest KO (Full Video) Championship Match (Must Watch),WILLY BEAMAN,UCvod8n_JPDV2uRATDrS939A,2015-03-12T01:51:56.000Z,https://i.ytimg.com/vi/WJEYYcdblkw/default.jpg,video relacionado
cAQIDvyaMK4,Paying People To Eat The World's Hottest Beef Jerky! (Made w/ Carolina Reaper),EpicFiveTV,UCuPUHlLP5POZphOIrjrNxiw,2016-12-13T11:35:27.000Z,https://i.ytimg.com/vi/cAQIDvyaMK4/default.jpg,video relacionado
9aMzUTTRh-Q,Chili Eating Contest - Great Dorset - Sunday 4th August 2019,Clifton Chilli Club,UCDLqJTA7dTQG2kCB2T266_w,2019-08-13T11:51:39.000Z,https://i.ytimg.com/vi/9aMzUTTRh-Q/default.jpg,video relacionado
8G_SucsZz44,Chilli Eating Contest | Grillstock | Sunday 3rd July 2016,Clifton Chilli Club,UCDLqJTA7dTQG2kCB2T266_w,2016-07-06T18:12:23.000Z,https://i.ytimg.com/vi/8G_SucsZz44/default.jpg,video relacionado
G0XBKx1Uh0E,World Record Most Pulled Pork Eaten in 6 Minutes (7+lbs) (Must See!!!),Furious Pete,UCspJ-h5Mw9_zeEhJDzMpkkA,2013-06-26T15:14:36.000Z,https://i.ytimg.com/vi/G0XBKx1Uh0E/default.jpg,video relacionado
N31VQdm-AcY,3.5KG GREEK BURGER CHALLENGE IN ATHENS!!,Randy Santel,UCMJlGrPk73l9U6qahc8D_gA,2017-05-19T21:59:24.000Z,https://i.ytimg.com/vi/N31VQdm-AcY/default.jpg,video relacionado
vCncM1sJxtI,120 Eggs Eaten in 8 Mins.. (World Egg Eating Championship),Matt Stonie,UCd1fLoVFooPeWqCEYVUJZqg,2014-02-04T00:56:20.000Z,https://i.ytimg.com/vi/vCncM1sJxtI/default.jpg,video relacionado
UTmD77pZKrQ,MILITARY VS MADDOG 357....,The WaterBoys,UCqH8vH6-Er8y7ekLW_4BBTA,2018-03-25T05:40:23.000Z,https://i.ytimg.com/vi/UTmD77pZKrQ/default.jpg,video relacionado
DXneOk3GXRk,Chilli Eating Contest - CHALFEST 2019,Clifton Chilli Club,UCDLqJTA7dTQG2kCB2T266_w,2019-07-23T14:11:52.000Z,https://i.ytimg.com/vi/DXneOk3GXRk/default.jpg,video relacionado
8G_SucsZz44,Chilli Eating Contest | Grillstock | Sunday 3rd July 2016,Clifton Chilli Club,UCDLqJTA7dTQG2kCB2T266_w,2016-07-06T18:12:23.000Z,https://i.ytimg.com/vi/8G_SucsZz44/default.jpg,video relacionado
cAQIDvyaMK4,Paying People To Eat The World's Hottest Beef Jerky! (Made w/ Carolina Reaper),EpicFiveTV,UCuPUHlLP5POZphOIrjrNxiw,2016-12-13T11:35:27.000Z,https://i.ytimg.com/vi/cAQIDvyaMK4/default.jpg,video relacionado
vCncM1sJxtI,120 Eggs Eaten in 8 Mins.. (World Egg Eating Championship),Matt Stonie,UCd1fLoVFooPeWqCEYVUJZqg,2014-02-04T00:56:20.000Z,https://i.ytimg.com/vi/vCncM1sJxtI/default.jpg,video relacionado
G0XBKx1Uh0E,World Record Most Pulled Pork Eaten in 6 Minutes (7+lbs) (Must See!!!),Furious Pete,UCspJ-h5Mw9_zeEhJDzMpkkA,2013-06-26T15:14:36.000Z,https://i.ytimg.com/vi/G0XBKx1Uh0E/default.jpg,video relacionado
H2El-NcvKGo,Chilli Eating Contest | Upton Cheyney Chilli Festival | Saturday 12 September 2015,Clifton Chilli Club,UCDLqJTA7dTQG2kCB2T266_w,2015-09-14T13:37:00.000Z,https://i.ytimg.com/vi/H2El-NcvKGo/default.jpg,video relacionado
bixqL0i0aqE,Grillstock French's Mustard Hot Dog EATING COMPETITION,Clifton Chilli Club,UCDLqJTA7dTQG2kCB2T266_w,2014-06-10T12:37:46.000Z,https://i.ytimg.com/vi/bixqL0i0aqE/default.jpg,video relacionado
e46cNE4Y220,Paying People To Take HOT SAUCE SHOTS!,EpicFiveTV,UCuPUHlLP5POZphOIrjrNxiw,2015-11-17T10:16:39.000Z,https://i.ytimg.com/vi/e46cNE4Y220/default.jpg,video relacionado
MiyCa6HoppA,Paying People To Eat World's Hottest Pepper Extract Prank Gone Wrong!,BookOfKen,UCyfruWb_JxwC_cQC209c0rw,2016-08-23T23:03:22.000Z,https://i.ytimg.com/vi/MiyCa6HoppA/default.jpg,video relacionado
BqRrZUhr00g,Top 10 Burger Challenges,Furious Pete,UCspJ-h5Mw9_zeEhJDzMpkkA,2014-06-29T14:36:11.000Z,https://i.ytimg.com/vi/BqRrZUhr00g/default.jpg,video relacionado
Wd4_0JN9GCc,Chilli Eating Contest - Great Dorset Chili Festival 2019 - Saturday 3rd August,Clifton Chilli Club,UCDLqJTA7dTQG2kCB2T266_w,2019-08-09T09:23:39.000Z,https://i.ytimg.com/vi/Wd4_0JN9GCc/default.jpg,video relacionado
sGNkuZN8GXs,Chilli Pepper Eating Contest | Grillstock | Saturday 7 June 2014,Clifton Chilli Club,UCDLqJTA7dTQG2kCB2T266_w,2014-06-09T18:18:54.000Z,https://i.ytimg.com/vi/sGNkuZN8GXs/default.jpg,video relacionado
dBsgE9OYn5g,Molly Schuyler destroys 11.2 lbs of burrito in 5 m,Eric Klamper,UCrcBpwukAHe_6QorZcqiM7Q,2014-09-22T19:18:20.000Z,https://i.ytimg.com/vi/dBsgE9OYn5g/default.jpg,video relacionado
u7kUuOpVBTc,"N√≥ ƒê·ªãnh Ph√° K·ª∑ L·ª•c ƒÇN ·ªöT Hay Sao M√† Nguy√™n CH·∫¢O ·ªöT KH·ªîNG L·ªí N√≥ Qu·∫•t G·∫ßn H·∫øt, Eat Chili Warehouse TLV",Th√°nh L·∫ßy Vlogs,UCJCaii5UnAtuhAeHTSCrMtQ,2019-03-29T11:43:30.000Z,https://i.ytimg.com/vi/u7kUuOpVBTc/default.jpg,video relacionado
cAQIDvyaMK4,Paying People To Eat The World's Hottest Beef Jerky! (Made w/ Carolina Reaper),EpicFiveTV,UCuPUHlLP5POZphOIrjrNxiw,2016-12-13T11:35:27.000Z,https://i.ytimg.com/vi/cAQIDvyaMK4/default.jpg,video relacionado
YTdeWsUHRXk,10 wings | 5 minutes!!! IMPOSSIBLE Food Challenges in the USA! (worst day of my life),Best Ever Food Review Show,UCcAd5Np7fO8SeejB1FVKcYw,2019-07-31T07:11:31.000Z,https://i.ytimg.com/vi/YTdeWsUHRXk/default.jpg,video relacionado
8G_SucsZz44,Chilli Eating Contest | Grillstock | Sunday 3rd July 2016,Clifton Chilli Club,UCDLqJTA7dTQG2kCB2T266_w,2016-07-06T18:12:23.000Z,https://i.ytimg.com/vi/8G_SucsZz44/default.jpg,video relacionado
tjKzwmIsDTQ,Hot Dog Eating Contest - Silverstone Woodlands F1 Grand Prix 2019,Clifton Chilli Club,UCDLqJTA7dTQG2kCB2T266_w,2019-07-18T13:48:12.000Z,https://i.ytimg.com/vi/tjKzwmIsDTQ/default.jpg,video relacionado
VoDH1DEZ3OI,Chilli Eating Contest | Grillstock Festival | Sunday 2nd July 2017,Clifton Chilli Club,UCDLqJTA7dTQG2kCB2T266_w,2017-07-05T19:14:25.000Z,https://i.ytimg.com/vi/VoDH1DEZ3OI/default.jpg,video relacionado
ZFyOKunbG3Y,Pho Eating Contest at the First OC Pho Festival in Fountain Valley | #RainaisCrazy,Raina Huang,UCFahBOND03FOwD3FXNLeaBg,2018-12-24T23:02:32.000Z,https://i.ytimg.com/vi/ZFyOKunbG3Y/default.jpg,video relacionado
DXneOk3GXRk,Chilli Eating Contest - CHALFEST 2019,Clifton Chilli Club,UCDLqJTA7dTQG2kCB2T266_w,2019-07-23T14:11:52.000Z,https://i.ytimg.com/vi/DXneOk3GXRk/default.jpg,video relacionado
sGNkuZN8GXs,Chilli Pepper Eating Contest | Grillstock | Saturday 7 June 2014,Clifton Chilli Club,UCDLqJTA7dTQG2kCB2T266_w,2014-06-09T18:18:54.000Z,https://i.ytimg.com/vi/sGNkuZN8GXs/default.jpg,video relacionado
b6A_ZXLA6pA,„ÄêÂ§ßÈ£ü„ÅÑ„Äë„ÅÑ„Å§„ÇÇÊÅã„Åó„ÅÑ„Ç∏„É©„Éï‰ºö„Äê„Éá„Ç´Áõõ„Çä„Äë,Â§ßÈ£ü„ÅÑ„Çâ„Åô„Åã„Çã,UCQUdNis13Y2bXiV7fssSNCg,2018-11-04T04:19:12.000Z,https://i.ytimg.com/vi/b6A_ZXLA6pA/default.jpg,video relacionado
cAQIDvyaMK4,Paying People To Eat The World's Hottest Beef Jerky! (Made w/ Carolina Reaper),EpicFiveTV,UCuPUHlLP5POZphOIrjrNxiw,2016-12-13T11:35:27.000Z,https://i.ytimg.com/vi/cAQIDvyaMK4/default.jpg,video relacionado
VoDH1DEZ3OI,Chilli Eating Contest | Grillstock Festival | Sunday 2nd July 2017,Clifton Chilli Club,UCDLqJTA7dTQG2kCB2T266_w,2017-07-05T19:14:25.000Z,https://i.ytimg.com/vi/VoDH1DEZ3OI/default.jpg,video relacionado
mMy7wTGCnGQ,2015 Hooters World Wing Eating Championship,Hooters,UCilXPzuW0jWoj6xO4lwb8BA,2015-07-26T22:04:11.000Z,https://i.ytimg.com/vi/mMy7wTGCnGQ/default.jpg,video relacionado
73SvVbFryL0,Chilli Eating Contest MotoGP Silverstone Woodlands August 2018,Clifton Chilli Club,UCDLqJTA7dTQG2kCB2T266_w,2018-08-31T08:41:19.000Z,https://i.ytimg.com/vi/73SvVbFryL0/default.jpg,video relacionado
9aMzUTTRh-Q,Chili Eating Contest - Great Dorset - Sunday 4th August 2019,Clifton Chilli Club,UCDLqJTA7dTQG2kCB2T266_w,2019-08-13T11:51:39.000Z,https://i.ytimg.com/vi/9aMzUTTRh-Q/default.jpg,video relacionado
cZWgwGSEH-E,Chilli Eating Contest | Grillstock London | Sunday 6th Sept,Clifton Chilli Club,UCDLqJTA7dTQG2kCB2T266_w,2015-09-10T20:56:28.000Z,https://i.ytimg.com/vi/cZWgwGSEH-E/default.jpg,video relacionado
jeYfu03WaXY,Hwy 55 National Hamburger Eating Competition - World Record 1:25,Derek Farley,UCdTJ3fZm-3uyUwvIT9FynEg,2018-06-03T13:50:13.000Z,https://i.ytimg.com/vi/jeYfu03WaXY/default.jpg,video relacionado
Wd4_0JN9GCc,Chilli Eating Contest - Great Dorset Chili Festival 2019 - Saturday 3rd August,Clifton Chilli Club,UCDLqJTA7dTQG2kCB2T266_w,2019-08-09T09:23:39.000Z,https://i.ytimg.com/vi/Wd4_0JN9GCc/default.jpg,video relacionado
sGNkuZN8GXs,Chilli Pepper Eating Contest | Grillstock | Saturday 7 June 2014,Clifton Chilli Club,UCDLqJTA7dTQG2kCB2T266_w,2014-06-09T18:18:54.000Z,https://i.ytimg.com/vi/sGNkuZN8GXs/default.jpg,video relacionado
dBsgE9OYn5g,Molly Schuyler destroys 11.2 lbs of burrito in 5 m,Eric Klamper,UCrcBpwukAHe_6QorZcqiM7Q,2014-09-22T19:18:20.000Z,https://i.ytimg.com/vi/dBsgE9OYn5g/default.jpg,video relacionado
u7kUuOpVBTc,"N√≥ ƒê·ªãnh Ph√° K·ª∑ L·ª•c ƒÇN ·ªöT Hay Sao M√† Nguy√™n CH·∫¢O ·ªöT KH·ªîNG L·ªí N√≥ Qu·∫•t G·∫ßn H·∫øt, Eat Chili Warehouse TLV",Th√°nh L·∫ßy Vlogs,UCJCaii5UnAtuhAeHTSCrMtQ,2019-03-29T11:43:30.000Z,https://i.ytimg.com/vi/u7kUuOpVBTc/default.jpg,video relacionado
cAQIDvyaMK4,Paying People To Eat The World's Hottest Beef Jerky! (Made w/ Carolina Reaper),EpicFiveTV,UCuPUHlLP5POZphOIrjrNxiw,2016-12-13T11:35:27.000Z,https://i.ytimg.com/vi/cAQIDvyaMK4/default.jpg,video relacionado
YTdeWsUHRXk,10 wings | 5 minutes!!! IMPOSSIBLE Food Challenges in the USA! (worst day of my life),Best Ever Food Review Show,UCcAd5Np7fO8SeejB1FVKcYw,2019-07-31T07:11:31.000Z,https://i.ytimg.com/vi/YTdeWsUHRXk/default.jpg,video relacionado
8G_SucsZz44,Chilli Eating Contest | Grillstock | Sunday 3rd July 2016,Clifton Chilli Club,UCDLqJTA7dTQG2kCB2T266_w,2016-07-06T18:12:23.000Z,https://i.ytimg.com/vi/8G_SucsZz44/default.jpg,video relacionado
tjKzwmIsDTQ,Hot Dog Eating Contest - Silverstone Woodlands F1 Grand Prix 2019,Clifton Chilli Club,UCDLqJTA7dTQG2kCB2T266_w,2019-07-18T13:48:12.000Z,https://i.ytimg.com/vi/tjKzwmIsDTQ/default.jpg,video relacionado
VoDH1DEZ3OI,Chilli Eating Contest | Grillstock Festival | Sunday 2nd July 2017,Clifton Chilli Club,UCDLqJTA7dTQG2kCB2T266_w,2017-07-05T19:14:25.000Z,https://i.ytimg.com/vi/VoDH1DEZ3OI/default.jpg,video relacionado
ZFyOKunbG3Y,Pho Eating Contest at the First OC Pho Festival in Fountain Valley | #RainaisCrazy,Raina Huang,UCFahBOND03FOwD3FXNLeaBg,2018-12-24T23:02:32.000Z,https://i.ytimg.com/vi/ZFyOKunbG3Y/default.jpg,video relacionado
OCg08oS5Oq4,12 LIFE HACKS WITH NUTELLA,Power Vision,UCatfiM69M9ZnNhOzy0jZ41A,2019-05-31T13:00:04.000Z,https://i.ytimg.com/vi/OCg08oS5Oq4/default.jpg,resultado de busca
QI1_RJUnD6k,VOC√ä NUNCA MAIS VAI COMER NUTELLA DEPOIS DESSE V√çDEO,Carol Capel,UC9ndLQ9z7bVzGAbOcZRNrUQ,2019-03-15T17:50:05.000Z,https://i.ytimg.com/vi/QI1_RJUnD6k/default.jpg,resultado de busca
z6tFkq2WtTI,Bathing in 600 lbs of Nutella,Cemre,UCTYPI3osBN9nGTSbYGm0rIQ,2016-09-30T21:08:31.000Z,https://i.ytimg.com/vi/z6tFkq2WtTI/default.jpg,resultado de busca
bwauodQNWtE,Amazing Nutella Chocolate Cake Decorating compilation #95 How to make Nutella Chocolate Cake Videos,Easy Cakes Decorating Ideas,UC7eB_MtuXDVB0PfIGIs_a0Q,2018-08-15T17:15:00.000Z,https://i.ytimg.com/vi/bwauodQNWtE/default.jpg,resultado de busca
MW2vENGMvB0,18 Simple Tricks and Ideas with Nutella,MrGear,UCo6DJdltbIub80bLiyJRv3w,2018-10-13T04:00:01.000Z,https://i.ytimg.com/vi/MW2vENGMvB0/default.jpg,resultado de busca
OiZP8RNS2ek,Crazy food processing machine 2018 | NUTELLA,TeCho,UCqOu70migtMqMQf-5GwYuiA,2017-10-31T12:58:53.000Z,https://i.ytimg.com/vi/OiZP8RNS2ek/default.jpg,resultado de busca
O_0Xqwfb9As,OS CONCORRENTES DA NUTELLA - Qual √© o Melhor?,Bom de Garfo,UC0l_MDSrdWMJDX7jZtC07jw,2018-09-05T15:00:03.000Z,https://i.ytimg.com/vi/O_0Xqwfb9As/default.jpg,resultado de busca
bNH2rzGO8PU,"Nutella - Legarda, Ryan Roy, Dejota 2021 (Official Music Video)",Legarda,UCr6YzHFLuUMb45TX3KS6YVA,2019-02-08T00:58:43.000Z,https://i.ytimg.com/vi/bNH2rzGO8PU/default.jpg,resultado de busca
na2XWHa_g6k,Nutella Challenge,Matt Stonie,UCd1fLoVFooPeWqCEYVUJZqg,2017-02-14T21:17:21.000Z,https://i.ytimg.com/vi/na2XWHa_g6k/default.jpg,resultado de busca
Fj2gi821o_w,Nutella &amp; Oreo Ice Cream Rolls - how to make delicious Nutella and Oreo Cookies ice cream | ASMR,Ice Cream Rolls,UCAon55hNT6ESbdQ5y1hRWTA,2017-11-16T14:00:01.000Z,https://i.ytimg.com/vi/Fj2gi821o_w/default.jpg,resultado de busca
AqR1KBhVvL8,Banheira De Nutella (ULTIMATE),Luccas Neto Antigo,UClZ6fWQ87gImd-hCE0kKTog,2019-03-05T17:16:08.000Z,https://i.ytimg.com/vi/AqR1KBhVvL8/default.jpg,resultado de busca
hajGpxApRLM,Nutella Heart Weighs 2 Pounds,Food Insider,UCwiTOchWeKjrJZw7S1H__1g,2018-02-06T14:00:04.000Z,https://i.ytimg.com/vi/hajGpxApRLM/default.jpg,resultado de busca
z6tFkq2WtTI,Bathing in 600 lbs of Nutella,Cemre,UCTYPI3osBN9nGTSbYGm0rIQ,2016-09-30T19:18:23.000Z,https://i.ytimg.com/vi/z6tFkq2WtTI/default.jpg,video relacionado
0me2NyqR7A4,PADARIA FERRAGENS,Parafernalha,UCddYq41_tZ1FnLlguLT6-Ow,2013-06-08T11:43:57.000Z,https://i.ytimg.com/vi/0me2NyqR7A4/default.jpg,video relacionado
sytdZq2xmdg,10 TOBO√ÅGUAS MAIS RADICAIS DO MUNDO!,Felipe Neto,UCV306eHqgo0LvBf3Mh36AHg,2018-07-04T20:47:21.000Z,https://i.ytimg.com/vi/sytdZq2xmdg/default.jpg,video relacionado
ZryoRM4Zcpc,MEU FIDGET SPINNER M√ÅGICO (Parte 1),Maria Clara & JP,UCKe6w0exI94U-RzqAyoY1VA,2017-12-28T01:38:28.000Z,https://i.ytimg.com/vi/ZryoRM4Zcpc/default.jpg,video relacionado
jH402JKroV8,12 QUASE MORTES FILMADAS POR GOPRO E C√ÇMERAS,Voc√™ Sabia?,UCj0O6W8yDuLg3iraAXKgCrQ,2018-04-22T17:39:09.000Z,https://i.ytimg.com/vi/jH402JKroV8/default.jpg,video relacionado
heYc6xK247U,A VIDA DE MARIVALDA - Marivalda faz seu irm√£o de escravo ( EPIS√ìDIO 7 ),Henrique Nemes,UC-4TwmWQShd0R6YZ_HJ0NfA,2018-04-24T04:46:25.000Z,https://i.ytimg.com/vi/heYc6xK247U/default.jpg,video relacionado
-uf-xobjTBU,OS 5 LUGARES MAIS DOLOROSOS DO CORPO PARA TATUAGEM,Felipe Neto,UCV306eHqgo0LvBf3Mh36AHg,2018-09-24T12:43:25.000Z,https://i.ytimg.com/vi/-uf-xobjTBU/default.jpg,video relacionado
ZA5CuAavcq4,DESAFIO DA BANHEIRA DE LISTERINE !! ( 100 LITROS ) [ REZENDE EVIL ],rezendeevil,UCbTVTephX30ZhQF5zwFppBg,2017-11-15T18:19:43.000Z,https://i.ytimg.com/vi/ZA5CuAavcq4/default.jpg,video relacionado
JApXgvWde1Y,PEGADINHAS MAIS INCR√çVEIS DO MUNDO,Felipe Neto,UCV306eHqgo0LvBf3Mh36AHg,2018-07-22T11:56:17.000Z,https://i.ytimg.com/vi/JApXgvWde1Y/default.jpg,video relacionado
uSxarJIX0LY,FIZ UMA PONTE DE PISCINA COM TATAME E CORRI EM CIMA DELA,LUCCAS NETO - LUCCAS TOON,UC_gV70G_Y51LTa3qhu8KiEA,2018-05-16T11:41:45.000Z,https://i.ytimg.com/vi/uSxarJIX0LY/default.jpg,video relacionado
Hlvs1Usk1mk,MAIORES FAILS DA INTERNET,Felipe Neto,UCV306eHqgo0LvBf3Mh36AHg,2017-09-15T11:50:34.000Z,https://i.ytimg.com/vi/Hlvs1Usk1mk/default.jpg,video relacionado
FCzTsjfEkMg,A AGUA √â LAVA! (NA CORDA BAMBA - SLACKLINE),Canal IN,UCIR9VKPE70KJ4DX2zCjHObw,2017-09-15T04:13:33.000Z,https://i.ytimg.com/vi/FCzTsjfEkMg/default.jpg,video relacionado
lcnge6W4JdY,TUTORIAIS QUE DERAM ERRADO,Felipe Neto,UCV306eHqgo0LvBf3Mh36AHg,2018-06-29T20:17:59.000Z,https://i.ytimg.com/vi/lcnge6W4JdY/default.jpg,video relacionado
AUeYyki7tFM,üî¥ Os mais BIZARROS acidentes em Parques de Divers√µes! PARTE 2,Fala de Tudo,UC-GhFOHQWAP0nUxTMKtjCOQ,2017-05-19T23:57:24.000Z,https://i.ytimg.com/vi/AUeYyki7tFM/default.jpg,video relacionado
Lu2xv6vQa-w,ENCAREI UM TUBAR√ÉO!,Felipe Neto,UCV306eHqgo0LvBf3Mh36AHg,2018-12-10T20:46:08.000Z,https://i.ytimg.com/vi/Lu2xv6vQa-w/default.jpg,video relacionado
ez8pucsFNiQ,IMPOSS√çVEL N√ÉO RIR! M√ÅGICA COM OS PETS!,Felipe Neto,UCV306eHqgo0LvBf3Mh36AHg,2018-07-12T08:21:55.000Z,https://i.ytimg.com/vi/ez8pucsFNiQ/default.jpg,video relacionado
KMqQkqTWk_0,10 FOTOS QUE V√ÉO PROVAR QUE SUA VIDA √â UMA MENTIRA,Felipe Neto,UCV306eHqgo0LvBf3Mh36AHg,2018-07-03T12:45:51.000Z,https://i.ytimg.com/vi/KMqQkqTWk_0/default.jpg,video relacionado
CEX4jKan9tw,DESAFIO DO CIRCUITO IMPOSS√çVEL COM SILVERTAPE (QUEM GANHOU?),Canal IN,UCIR9VKPE70KJ4DX2zCjHObw,2017-11-09T18:27:37.000Z,https://i.ytimg.com/vi/CEX4jKan9tw/default.jpg,video relacionado
5UEjgw2n_ak,5 lugares pra voc√™ NUNCA NADAR!,Felipe Neto,UCV306eHqgo0LvBf3Mh36AHg,2018-11-27T09:37:50.000Z,https://i.ytimg.com/vi/5UEjgw2n_ak/default.jpg,video relacionado
RKEMimQi4_o,5 MOMENTOS ENGRA√áADOS NO FUTEBOL,Pokey,UCYK4l11zx3-dN1gNg1DMOIg,2019-09-27T13:10:03.000Z,https://i.ytimg.com/vi/RKEMimQi4_o/default.jpg,video relacionado
vmG5zpAZdFc,10 COISAS INCR√çVEIS ESMAGADAS POR UMA PRENSA DE 100 TONELADAS,Felipe Neto,UCV306eHqgo0LvBf3Mh36AHg,2018-07-16T20:48:03.000Z,https://i.ytimg.com/vi/vmG5zpAZdFc/default.jpg,video relacionado
aZ71NTXRgCA,SOBREVIVEU? 10 SALTOS MAIS PERIGOSOS DO MUNDO,Felipe Neto,UCV306eHqgo0LvBf3Mh36AHg,2018-07-13T20:30:31.000Z,https://i.ytimg.com/vi/aZ71NTXRgCA/default.jpg,video relacionado
44bZNuT2CoI,PESSOAS INCR√çVEIS vs. IDIOTAS - MERGULHO!,Felipe Neto,UCV306eHqgo0LvBf3Mh36AHg,2018-08-04T10:29:39.000Z,https://i.ytimg.com/vi/44bZNuT2CoI/default.jpg,video relacionado
9vxOmRILVeo,DESCENDO A CASA DE RAPEL (ELE CONSEGUIU?),Canal IN,UCIR9VKPE70KJ4DX2zCjHObw,2017-08-17T13:18:54.000Z,https://i.ytimg.com/vi/9vxOmRILVeo/default.jpg,video relacionado
WffoeNbq-KA,PASSAMOS UMA NOITE NO SHOPPING 6!,Lucas Rangel,UCNmBUECIkUyPr2hxIAT3vzw,2018-06-30T13:52:32.000Z,https://i.ytimg.com/vi/WffoeNbq-KA/default.jpg,video relacionado
KMqQkqTWk_0,10 FOTOS QUE V√ÉO PROVAR QUE SUA VIDA √â UMA MENTIRA,Felipe Neto,UCV306eHqgo0LvBf3Mh36AHg,2018-07-03T12:45:51.000Z,https://i.ytimg.com/vi/KMqQkqTWk_0/default.jpg,video relacionado
xVjq2Spp3s8,CRIAN√áAS LEVAM TUDO AO P√â DA LETRA - IMPOSS√çVEL N√ÉO RIR,Felipe Neto,UCV306eHqgo0LvBf3Mh36AHg,2018-06-29T11:21:00.000Z,https://i.ytimg.com/vi/xVjq2Spp3s8/default.jpg,video relacionado
ZQJfuubgjbg,MEXERAM COM A MULHER ERRADA! SENSACIONAL!!!,Felipe Neto,UCV306eHqgo0LvBf3Mh36AHg,2018-07-09T12:49:57.000Z,https://i.ytimg.com/vi/ZQJfuubgjbg/default.jpg,video relacionado
m1FqjwECFV8,PUXANDO A TOALHA SEM DEIXAR NADA CAIR!,Canal IN,UCIR9VKPE70KJ4DX2zCjHObw,2018-06-02T00:32:59.000Z,https://i.ytimg.com/vi/m1FqjwECFV8/default.jpg,video relacionado
QoL6ii1TS50,TATUAGEM GIGANTE NO BRA√áO! - TROLLANDO MINHA M√ÉE! ‚Äπ PAC ‚Ä∫,PAC,UC3FuTKmTcnA7byTvJFB7K0g,2018-07-24T20:53:00.000Z,https://i.ytimg.com/vi/QoL6ii1TS50/default.jpg,video relacionado
ARLrvoH1xA4,5 coisas q POUCOS HUMANOS conseguem! Voc√™ consegue alguma?,Felipe Neto,UCV306eHqgo0LvBf3Mh36AHg,2019-03-17T18:10:04.000Z,https://i.ytimg.com/vi/ARLrvoH1xA4/default.jpg,video relacionado
VIEElCS14sw,TENTE N√ÉO RIR - O SALTO DA LOUCA,Felipe Neto,UCV306eHqgo0LvBf3Mh36AHg,2018-05-24T10:27:25.000Z,https://i.ytimg.com/vi/VIEElCS14sw/default.jpg,video relacionado
n8p_43eaeps,TESTANDO PRODUTOS ASI√ÅTICOS BIZARROS!,Felipe Neto,UCV306eHqgo0LvBf3Mh36AHg,2018-08-28T12:08:39.000Z,https://i.ytimg.com/vi/n8p_43eaeps/default.jpg,video relacionado
PF-C8NfaC8M,FOTOS TIRADAS MOMENTOS ANTES DA TRAG√âDIA,Felipe Neto,UCV306eHqgo0LvBf3Mh36AHg,2019-01-04T11:46:52.000Z,https://i.ytimg.com/vi/PF-C8NfaC8M/default.jpg,video relacionado
FCzTsjfEkMg,A AGUA √â LAVA! (NA CORDA BAMBA - SLACKLINE),Canal IN,UCIR9VKPE70KJ4DX2zCjHObw,2017-09-15T04:13:33.000Z,https://i.ytimg.com/vi/FCzTsjfEkMg/default.jpg,video relacionado
zT8XRQAImPw,PROVANDO √çTENS FEMININOS,Felipe Neto,UCV306eHqgo0LvBf3Mh36AHg,2017-12-12T10:59:19.000Z,https://i.ytimg.com/vi/zT8XRQAImPw/default.jpg,video relacionado
nQYGO9QkzFQ,8 PESSOAS PRESAS EM LUGARES ESTRANHOS!,Felipe Neto,UCV306eHqgo0LvBf3Mh36AHg,2018-08-08T20:36:37.000Z,https://i.ytimg.com/vi/nQYGO9QkzFQ/default.jpg,video relacionado
oEyDr_OV1Z4,CA√áANDO A PLACA DE 10 MILH√ïES DE INSCRITOS DO LUCCAS!,Canal IN,UCIR9VKPE70KJ4DX2zCjHObw,2018-02-06T03:06:04.000Z,https://i.ytimg.com/vi/oEyDr_OV1Z4/default.jpg,video relacionado
alCeqcTU9jo,QUEM PERDE MAIS PESO GANHA 500 REAIS!,Isaac do VINE,UCxyk5VZ-BY-5rvIx1_Zx9wA,2019-03-04T20:52:53.000Z,https://i.ytimg.com/vi/alCeqcTU9jo/default.jpg,video relacionado
zXGYTlX-Co8,DAN√áANDO OLHA A EXPLOS√ÉO - 2 MILH√ïES!!!,Canal IN,UCIR9VKPE70KJ4DX2zCjHObw,2017-08-19T17:14:58.000Z,https://i.ytimg.com/vi/zXGYTlX-Co8/default.jpg,video relacionado
VKhexz1Ff4s,20 MILH√ïES! VEJA COMO FICOU O CABELO DA FAM√çLIA NETO!,Felipe Neto,UCV306eHqgo0LvBf3Mh36AHg,2018-03-28T11:38:26.000Z,https://i.ytimg.com/vi/VKhexz1Ff4s/default.jpg,video relacionado
kRbP7MNPxrg,TIRAMOS OS PELOS DO BRUNO!! DESAFIO 3 MILH√ïES!!,Canal IN,UCIR9VKPE70KJ4DX2zCjHObw,2017-08-23T05:38:56.000Z,https://i.ytimg.com/vi/kRbP7MNPxrg/default.jpg,video relacionado
0dVE6Hr2ks4,TESTAMOS UM EQUIPAMENTO DA NASA!,Canal IN,UCIR9VKPE70KJ4DX2zCjHObw,2017-11-29T16:57:41.000Z,https://i.ytimg.com/vi/0dVE6Hr2ks4/default.jpg,video relacionado
95m38G2tLZA,LUCCAS FOI ATACADO POR UM GORILA!,Felipe Neto,UCV306eHqgo0LvBf3Mh36AHg,2018-09-07T02:43:04.000Z,https://i.ytimg.com/vi/95m38G2tLZA/default.jpg,video relacionado
Cs4ad-QoFEw,FELIPE vs LUCCAS - DESAFIO DAS BOLINHAS!!,Canal IN,UCIR9VKPE70KJ4DX2zCjHObw,2018-08-15T04:17:46.000Z,https://i.ytimg.com/vi/Cs4ad-QoFEw/default.jpg,video relacionado
Gvn0_3tD4qQ,FOMOS AO CINEMA E...,Canal IN,UCIR9VKPE70KJ4DX2zCjHObw,2017-08-31T13:43:40.000Z,https://i.ytimg.com/vi/Gvn0_3tD4qQ/default.jpg,video relacionado
bskttNfMr0U,BASQUETE MALUCO NA PISCINA (COM 1000 BOLINHAS)!,Canal IN,UCIR9VKPE70KJ4DX2zCjHObw,2018-07-11T11:07:19.000Z,https://i.ytimg.com/vi/bskttNfMr0U/default.jpg,video relacionado
NnXdW-a07SA,TRANSFORMEI O QUARTO DO FELIPE EM UMA PRAIA - TROLLAGEM,Canal IN,UCIR9VKPE70KJ4DX2zCjHObw,2018-04-14T05:35:44.000Z,https://i.ytimg.com/vi/NnXdW-a07SA/default.jpg,video relacionado
vNHW4UtZI84,FIZ UMA MASCARA MAGN√âTICA REMOVEDORA DE ESPINHAS!!,Enaldinho,UC2bYhAHyaqfWlPXWBVk4BcA,2018-10-28T20:46:54.000Z,https://i.ytimg.com/vi/vNHW4UtZI84/default.jpg,video relacionado
44IITyhbfNg,RECEBI O PRESENTE SECRETO DE DIAMANTE DO YOUTUBE !!,LUCCAS NETO - LUCCAS TOON,UC_gV70G_Y51LTa3qhu8KiEA,2018-01-17T06:15:03.000Z,https://i.ytimg.com/vi/44IITyhbfNg/default.jpg,video relacionado
yD-0n7vRCiM,DESAFIO CANINO! DISPUTA INCR√çVEL COM NOSSOS CACHORROS!,Canal IN,UCIR9VKPE70KJ4DX2zCjHObw,2018-02-15T12:29:17.000Z,https://i.ytimg.com/vi/yD-0n7vRCiM/default.jpg,video relacionado
0-MR-m0TbRc,PASSEI A MADRUGADA SOZINHO NA CASA DOS IRM√ÉOS NETO,Bruno Correa,UC28NhCvMistzR3YxZ9TqSEQ,2018-02-18T01:39:27.000Z,https://i.ytimg.com/vi/0-MR-m0TbRc/default.jpg,video relacionado
CEX4jKan9tw,DESAFIO DO CIRCUITO IMPOSS√çVEL COM SILVERTAPE (QUEM GANHOU?),Canal IN,UCIR9VKPE70KJ4DX2zCjHObw,2017-11-09T18:27:37.000Z,https://i.ytimg.com/vi/CEX4jKan9tw/default.jpg,video relacionado
53hbzd93Q38,O MENINO QUE N√ÉO GOSTAVA DE ESCOVAR OS DENTES com Luccas Neto,Felipe Neto,UCV306eHqgo0LvBf3Mh36AHg,2018-06-11T10:38:23.000Z,https://i.ytimg.com/vi/53hbzd93Q38/default.jpg,video relacionado
v2q4uiy251M,FIZ UMA CADEIRA DE ISOPOR E TROLLEI TODO MUNDO QUE SENTOU!,Enaldinho,UC2bYhAHyaqfWlPXWBVk4BcA,2019-06-26T03:20:57.000Z,https://i.ytimg.com/vi/v2q4uiy251M/default.jpg,video relacionado
quoihPlJ6Yg,CORRIDA INSANA DA FAM√çLIA NETO!!,Canal IN,UCIR9VKPE70KJ4DX2zCjHObw,2018-10-20T11:21:37.000Z,https://i.ytimg.com/vi/quoihPlJ6Yg/default.jpg,video relacionado
lTTMWQlXEnM,N√ÉO AGUENTO MAIS O LUCCAS COMPRANDO COISAS IN√öTEIS!!,Felipe Neto,UCV306eHqgo0LvBf3Mh36AHg,2018-07-27T08:45:55.000Z,https://i.ytimg.com/vi/lTTMWQlXEnM/default.jpg,video relacionado
VKhexz1Ff4s,20 MILH√ïES! VEJA COMO FICOU O CABELO DA FAM√çLIA NETO!,Felipe Neto,UCV306eHqgo0LvBf3Mh36AHg,2018-03-28T11:38:26.000Z,https://i.ytimg.com/vi/VKhexz1Ff4s/default.jpg,video relacionado
CEX4jKan9tw,DESAFIO DO CIRCUITO IMPOSS√çVEL COM SILVERTAPE (QUEM GANHOU?),Canal IN,UCIR9VKPE70KJ4DX2zCjHObw,2017-11-09T18:27:37.000Z,https://i.ytimg.com/vi/CEX4jKan9tw/default.jpg,video relacionado
k5CV0Ojqv7I,DESAFIO CANINO! TREINAMENTO DA CACHORRINHA DO FELIPE!  (PROFISSIONAL!),Canal IN,UCIR9VKPE70KJ4DX2zCjHObw,2018-03-03T09:25:49.000Z,https://i.ytimg.com/vi/k5CV0Ojqv7I/default.jpg,video relacionado
_plQc-8GGjY,DEI UM PRESENTE INCR√çVEL PARA O MEU CACHORRO!,Bruno Correa,UC28NhCvMistzR3YxZ9TqSEQ,2019-01-10T23:13:29.000Z,https://i.ytimg.com/vi/_plQc-8GGjY/default.jpg,video relacionado
ez8pucsFNiQ,IMPOSS√çVEL N√ÉO RIR! M√ÅGICA COM OS PETS!,Felipe Neto,UCV306eHqgo0LvBf3Mh36AHg,2018-07-12T08:21:55.000Z,https://i.ytimg.com/vi/ez8pucsFNiQ/default.jpg,video relacionado
LRZp2y1MO-s,INVENTAMOS UM JOGO - COPA DO MUNDO DE BALL BALL,Canal IN,UCIR9VKPE70KJ4DX2zCjHObw,2018-06-22T17:26:42.000Z,https://i.ytimg.com/vi/LRZp2y1MO-s/default.jpg,video relacionado
WE5crGJdoUM,BRINCANDO NA PISCINA DE FOCA GIGANTE NOVA! (V√çDEO DE PISCINA DO LUCCAS),LUCCAS NETO - LUCCAS TOON,UC_gV70G_Y51LTa3qhu8KiEA,2018-02-13T18:13:48.000Z,https://i.ytimg.com/vi/WE5crGJdoUM/default.jpg,video relacionado
pesUqEF0hvY,TELEFONE SEM FIO MALUCO DA FAM√çLIA NETO!,Canal IN,UCIR9VKPE70KJ4DX2zCjHObw,2018-02-02T02:53:07.000Z,https://i.ytimg.com/vi/pesUqEF0hvY/default.jpg,video relacionado
quoihPlJ6Yg,CORRIDA INSANA DA FAM√çLIA NETO!!,Canal IN,UCIR9VKPE70KJ4DX2zCjHObw,2018-10-20T11:21:37.000Z,https://i.ytimg.com/vi/quoihPlJ6Yg/default.jpg,video relacionado
PghrGK0AaDk,√âPICA BATALHA DE NAVES QUE VOAM DE VERDADE!,Felipe Neto,UCV306eHqgo0LvBf3Mh36AHg,2017-12-26T23:03:44.000Z,https://i.ytimg.com/vi/PghrGK0AaDk/default.jpg,video relacionado
z4O1MuCu-V0,DESAFIO DA CAIXA SURPRESA N√çVEL ULTIMATE (COM ANIMAIS SELVAGENS),Canal IN,UCIR9VKPE70KJ4DX2zCjHObw,2017-11-19T13:59:05.000Z,https://i.ytimg.com/vi/z4O1MuCu-V0/default.jpg,video relacionado
4-5Jpd2ehSI,LUTANDO BOXE CONTRA O BRUNO (QUEM VENCEU?)  [+13],Felipe Neto,UCV306eHqgo0LvBf3Mh36AHg,2017-08-24T19:40:41.000Z,https://i.ytimg.com/vi/4-5Jpd2ehSI/default.jpg,video relacionado
jVNLFrM_JEw,BATALHA INSANA DE CASTELOS DOS IRM√ÉOS NETO!!!,Canal IN,UCIR9VKPE70KJ4DX2zCjHObw,2019-01-09T00:35:44.000Z,https://i.ytimg.com/vi/jVNLFrM_JEw/default.jpg,video relacionado
XoIoIxLnW_0,OS INCR√çVEIS TOMBOS DO LUCCAS - DESAFIO DAS BOIAS GIGANTES,Canal IN,UCIR9VKPE70KJ4DX2zCjHObw,2018-08-04T03:19:00.000Z,https://i.ytimg.com/vi/XoIoIxLnW_0/default.jpg,video relacionado
bskttNfMr0U,BASQUETE MALUCO NA PISCINA (COM 1000 BOLINHAS)!,Canal IN,UCIR9VKPE70KJ4DX2zCjHObw,2018-07-11T11:07:19.000Z,https://i.ytimg.com/vi/bskttNfMr0U/default.jpg,video relacionado
SWLaOxXsxjM,COPA DO MUNDO DE FUTEBOL VENDADO (E TONTO),Canal IN,UCIR9VKPE70KJ4DX2zCjHObw,2018-07-07T09:01:00.000Z,https://i.ytimg.com/vi/SWLaOxXsxjM/default.jpg,video relacionado
m1FqjwECFV8,PUXANDO A TOALHA SEM DEIXAR NADA CAIR!,Canal IN,UCIR9VKPE70KJ4DX2zCjHObw,2018-06-02T00:32:59.000Z,https://i.ytimg.com/vi/m1FqjwECFV8/default.jpg,video relacionado
ra64gArSupY,QUEM S√ÉO ESSAS CRIAN√áAS QUE FICARAM FAMOSAS?,Canal IN,UCIR9VKPE70KJ4DX2zCjHObw,2018-01-11T05:15:05.000Z,https://i.ytimg.com/vi/ra64gArSupY/default.jpg,video relacionado
CzS5d661UqE,DESAFIO DO MOVIMENTO AO CONTR√ÅRIO,Canal IN,UCIR9VKPE70KJ4DX2zCjHObw,2018-01-13T09:26:14.000Z,https://i.ytimg.com/vi/CzS5d661UqE/default.jpg,video relacionado
rbaEmdOiwLg,FIZ UM SORVETE DE BOMBOM E O FELIPE COMEU! SER√Å QUE FICOU BOM?,Bruno Correa,UC28NhCvMistzR3YxZ9TqSEQ,2018-06-22T21:15:20.000Z,https://i.ytimg.com/vi/rbaEmdOiwLg/default.jpg,video relacionado
tDf0neKhvSg,BAL√ïES SUJOS - ‚ÄúN√ÉO ACERTE‚Äù O FELIPE!,Canal IN,UCIR9VKPE70KJ4DX2zCjHObw,2018-12-08T03:29:55.000Z,https://i.ytimg.com/vi/tDf0neKhvSg/default.jpg,video relacionado
i7OQ-8S3cD8,DESAFIO DA ROLETA! QUEM √â O MELHOR IMITADOR?,Canal IN,UCIR9VKPE70KJ4DX2zCjHObw,2018-02-04T04:24:16.000Z,https://i.ytimg.com/vi/i7OQ-8S3cD8/default.jpg,video relacionado
Bs3qyHKaUng,DESAFIO DO QUADRADO M√ÅGICO? QUEM VENCEU?,Canal IN,UCIR9VKPE70KJ4DX2zCjHObw,2018-12-12T00:04:56.000Z,https://i.ytimg.com/vi/Bs3qyHKaUng/default.jpg,video relacionado
4-5Jpd2ehSI,LUTANDO BOXE CONTRA O BRUNO (QUEM VENCEU?)  [+13],Felipe Neto,UCV306eHqgo0LvBf3Mh36AHg,2017-08-24T19:40:41.000Z,https://i.ytimg.com/vi/4-5Jpd2ehSI/default.jpg,video relacionado
HnfN1hN-gDU,ACERTANDO O BAMBOL√ä EM ALVOS HUMANOS !! (MIRA INCR√çVEL),Canal IN,UCIR9VKPE70KJ4DX2zCjHObw,2017-09-12T13:44:09.000Z,https://i.ytimg.com/vi/HnfN1hN-gDU/default.jpg,video relacionado
VVApkoOpTZo,DESAFIO QUEM √â O PERSONAGEM?! SER√Å QUE ELES ACERTARAM?,Canal IN,UCIR9VKPE70KJ4DX2zCjHObw,2018-12-05T00:12:27.000Z,https://i.ytimg.com/vi/VVApkoOpTZo/default.jpg,video relacionado
PghrGK0AaDk,√âPICA BATALHA DE NAVES QUE VOAM DE VERDADE!,Felipe Neto,UCV306eHqgo0LvBf3Mh36AHg,2017-12-26T23:03:44.000Z,https://i.ytimg.com/vi/PghrGK0AaDk/default.jpg,video relacionado
Qc7okUDzNAQ,QUAL √â A M√öSICA?,Canal IN,UCIR9VKPE70KJ4DX2zCjHObw,2017-12-14T03:27:27.000Z,https://i.ytimg.com/vi/Qc7okUDzNAQ/default.jpg,video relacionado
CzS5d661UqE,DESAFIO DO MOVIMENTO AO CONTR√ÅRIO,Canal IN,UCIR9VKPE70KJ4DX2zCjHObw,2018-01-13T09:26:14.000Z,https://i.ytimg.com/vi/CzS5d661UqE/default.jpg,video relacionado
3pxcmasH8yw,RESPONDENDO PERGUNTAS BIZARRAS C/ NAMORADA,Felipe Neto,UCV306eHqgo0LvBf3Mh36AHg,2017-12-09T07:11:02.000Z,https://i.ytimg.com/vi/3pxcmasH8yw/default.jpg,video relacionado
XoIoIxLnW_0,OS INCR√çVEIS TOMBOS DO LUCCAS - DESAFIO DAS BOIAS GIGANTES,Canal IN,UCIR9VKPE70KJ4DX2zCjHObw,2018-08-04T03:19:00.000Z,https://i.ytimg.com/vi/XoIoIxLnW_0/default.jpg,video relacionado
tEW1kdrTSQ4,DESAFIO: QUAL √â O FILME COM EMOJI? REVANCHE!,Bruno Correa,UC28NhCvMistzR3YxZ9TqSEQ,2019-04-10T03:02:54.000Z,https://i.ytimg.com/vi/tEW1kdrTSQ4/default.jpg,video relacionado
i7OQ-8S3cD8,DESAFIO DA ROLETA! QUEM √â O MELHOR IMITADOR?,Canal IN,UCIR9VKPE70KJ4DX2zCjHObw,2018-02-04T04:24:16.000Z,https://i.ytimg.com/vi/i7OQ-8S3cD8/default.jpg,video relacionado
m1FqjwECFV8,PUXANDO A TOALHA SEM DEIXAR NADA CAIR!,Canal IN,UCIR9VKPE70KJ4DX2zCjHObw,2018-06-02T00:32:59.000Z,https://i.ytimg.com/vi/m1FqjwECFV8/default.jpg,video relacionado
_iae8qwzIBg,FELIPE NETO FOI DESAFIADO PARA UMA DISPUTA √âPICA!,Canal IN,UCIR9VKPE70KJ4DX2zCjHObw,2017-12-22T03:06:38.000Z,https://i.ytimg.com/vi/_iae8qwzIBg/default.jpg,video relacionado
bskttNfMr0U,BASQUETE MALUCO NA PISCINA (COM 1000 BOLINHAS)!,Canal IN,UCIR9VKPE70KJ4DX2zCjHObw,2018-07-11T11:07:19.000Z,https://i.ytimg.com/vi/bskttNfMr0U/default.jpg,video relacionado
LRZp2y1MO-s,INVENTAMOS UM JOGO - COPA DO MUNDO DE BALL BALL,Canal IN,UCIR9VKPE70KJ4DX2zCjHObw,2018-06-22T17:26:42.000Z,https://i.ytimg.com/vi/LRZp2y1MO-s/default.jpg,video relacionado
AfR3yKc_R9c,QUEM SABE MAIS? COM NAMORADA!,Felipe Neto,UCV306eHqgo0LvBf3Mh36AHg,2017-09-16T11:52:48.000Z,https://i.ytimg.com/vi/AfR3yKc_R9c/default.jpg,video relacionado
lMFlhnIfHcg,EXPERIMENTANDO COMIDAS NORDESTINAS,Felipe Neto,UCV306eHqgo0LvBf3Mh36AHg,2017-12-16T08:43:04.000Z,https://i.ytimg.com/vi/lMFlhnIfHcg/default.jpg,video relacionado
ijWeNj_D0to,PESSOAS QUE DEVEM FICAR LONGE DA COZINHA!,Felipe Neto,UCV306eHqgo0LvBf3Mh36AHg,2018-08-01T20:14:11.000Z,https://i.ytimg.com/vi/ijWeNj_D0to/default.jpg,video relacionado
_L5DVGQozbE,ME CANDIDATEI A PRESIDENTE DO BRASIL,Felipe Neto,UCV306eHqgo0LvBf3Mh36AHg,2018-09-20T06:05:50.000Z,https://i.ytimg.com/vi/_L5DVGQozbE/default.jpg,video relacionado
riaawBu1Ifg,PIORES AJUDAS DE PHOTOSHOP DA INTERNET,Felipe Neto,UCV306eHqgo0LvBf3Mh36AHg,2018-04-22T12:20:52.000Z,https://i.ytimg.com/vi/riaawBu1Ifg/default.jpg,video relacionado
wqrbEYlPRSc,EU NUNCA... COM GIOVANNA EWBANK,Felipe Neto,UCV306eHqgo0LvBf3Mh36AHg,2017-11-30T11:29:50.000Z,https://i.ytimg.com/vi/wqrbEYlPRSc/default.jpg,video relacionado
RTaWfwXPqVY,FUI A FAL√äNCIA!,Felipe Neto,UCV306eHqgo0LvBf3Mh36AHg,2018-04-09T05:29:06.000Z,https://i.ytimg.com/vi/RTaWfwXPqVY/default.jpg,video relacionado
u01RzBdqvzk,TRANSFORMEI MEUS AMIGOS EM MULHERES,Felipe Neto,UCV306eHqgo0LvBf3Mh36AHg,2018-02-23T05:35:02.000Z,https://i.ytimg.com/vi/u01RzBdqvzk/default.jpg,video relacionado
pesUqEF0hvY,TELEFONE SEM FIO MALUCO DA FAM√çLIA NETO!,Canal IN,UCIR9VKPE70KJ4DX2zCjHObw,2018-02-02T02:53:07.000Z,https://i.ytimg.com/vi/pesUqEF0hvY/default.jpg,video relacionado
0eDrJ7onjtg,PINTAMOS O CABELO E VEJA COMO FICOU !!,Canal IN,UCIR9VKPE70KJ4DX2zCjHObw,2017-09-09T14:12:54.000Z,https://i.ytimg.com/vi/0eDrJ7onjtg/default.jpg,video relacionado
IrbMVM9u8ts,"""FELIPE √â RUIM DE CAMA?"" - CONTANDO SEGREDOS [+13]",Felipe Neto,UCV306eHqgo0LvBf3Mh36AHg,2017-06-12T07:19:16.000Z,https://i.ytimg.com/vi/IrbMVM9u8ts/default.jpg,video relacionado
2pc6mM5JWbE,DESAFIO DOS PƒñS NA CAIXA SURPRESA DOS IRM√ÉOS NETO (OLHA O QUE TINHA DENTRO),Canal IN,UCIR9VKPE70KJ4DX2zCjHObw,2018-01-03T03:52:17.000Z,https://i.ytimg.com/vi/2pc6mM5JWbE/default.jpg,video relacionado
DJvvqnV9USQ,PIORES PLACAS DO BRASIL,Felipe Neto,UCV306eHqgo0LvBf3Mh36AHg,2018-04-17T08:44:35.000Z,https://i.ytimg.com/vi/DJvvqnV9USQ/default.jpg,video relacionado
9iBzwiyTr04,DESAFIO DO ESPI√ÉO COM LASER DE VERDADE!,Canal IN,UCIR9VKPE70KJ4DX2zCjHObw,2018-04-21T01:37:17.000Z,https://i.ytimg.com/vi/9iBzwiyTr04/default.jpg,video relacionado
KMqQkqTWk_0,10 FOTOS QUE V√ÉO PROVAR QUE SUA VIDA √â UMA MENTIRA,Felipe Neto,UCV306eHqgo0LvBf3Mh36AHg,2018-07-03T12:45:51.000Z,https://i.ytimg.com/vi/KMqQkqTWk_0/default.jpg,video relacionado
mBBUux0Wwl4,6 ATLETAS QUE FORAM PEGOS ROUBANDO AO VIVO!,Felipe Neto,UCV306eHqgo0LvBf3Mh36AHg,2018-09-14T06:53:21.000Z,https://i.ytimg.com/vi/mBBUux0Wwl4/default.jpg,video relacionado
PIs3_sU3PrA,TENTE N√ÉO RIR COM ESSA ANIMA√á√ÉO ‚òÜ ANIMAIS REDONDOS ‚òÜ,Gato Galactico,UCbt4SegZBQLeXMTMvnrfZtw,2018-04-22T18:33:28.000Z,https://i.ytimg.com/vi/PIs3_sU3PrA/default.jpg,video relacionado
BsiekrdPwus,NUNCA PE√áA AJUDA NA INTERNET,LubaTV,UCYALxwppPJjYyTMEwwEcNCQ,2018-04-24T13:00:03.000Z,https://i.ytimg.com/vi/BsiekrdPwus/default.jpg,video relacionado
zU2xaI-R57A,GOOGLE ADIVINHOU MEU DESENHO!,Felipe Neto,UCV306eHqgo0LvBf3Mh36AHg,2018-10-12T11:31:39.000Z,https://i.ytimg.com/vi/zU2xaI-R57A/default.jpg,video relacionado
jbgMedFbugw,AGORA PABLLO VITTAR FOI LONGE DEMAIS,Felipe Neto,UCV306eHqgo0LvBf3Mh36AHg,2018-04-19T12:16:34.000Z,https://i.ytimg.com/vi/jbgMedFbugw/default.jpg,video relacionado
u01RzBdqvzk,TRANSFORMEI MEUS AMIGOS EM MULHERES,Felipe Neto,UCV306eHqgo0LvBf3Mh36AHg,2018-02-23T05:35:02.000Z,https://i.ytimg.com/vi/u01RzBdqvzk/default.jpg,video relacionado
gTXZ3qCSnac,10 COISAS INCR√çVEIS vs. NITROG√äNIO L√çQUIDO!,Felipe Neto,UCV306eHqgo0LvBf3Mh36AHg,2018-09-10T16:52:51.000Z,https://i.ytimg.com/vi/gTXZ3qCSnac/default.jpg,video relacionado
RTaWfwXPqVY,FUI A FAL√äNCIA!,Felipe Neto,UCV306eHqgo0LvBf3Mh36AHg,2018-04-09T05:29:06.000Z,https://i.ytimg.com/vi/RTaWfwXPqVY/default.jpg,video relacionado
qX36N7pmZ3w,LUCCAS x FELIPE NUMA BATALHA √âPICA!,Canal IN,UCIR9VKPE70KJ4DX2zCjHObw,2017-12-12T03:24:12.000Z,https://i.ytimg.com/vi/qX36N7pmZ3w/default.jpg,video relacionado
_minnYMfXL8,5 ATLETAS QUE FORAM PEGOS ROUBANDO AO VIVO,Felipe Neto,UCV306eHqgo0LvBf3Mh36AHg,2019-01-05T18:58:05.000Z,https://i.ytimg.com/vi/_minnYMfXL8/default.jpg,video relacionado
euP0KcMMZ0I,DESAFIO DA M√çMICA COM MASSINHA! LUCCAS VS FELIPE!,Canal IN,UCIR9VKPE70KJ4DX2zCjHObw,2018-05-12T05:20:44.000Z,https://i.ytimg.com/vi/euP0KcMMZ0I/default.jpg,video relacionado
lyYzNyhzjSc,10 INVEN√á√ïES INCR√çVEIS QUE VOC√ä VAI QUERER TER,Felipe Neto,UCV306eHqgo0LvBf3Mh36AHg,2018-08-23T17:19:46.000Z,https://i.ytimg.com/vi/lyYzNyhzjSc/default.jpg,video relacionado
xPTtzUlkdoM,360¬∫: O incr√≠vel mergulho debaixo de um iceberg na Ant√°rtida,BBC News Brasil,UCthbIFAxbXTTQEC7EcQvP1Q,2017-12-01T11:24:25.000Z,https://i.ytimg.com/vi/xPTtzUlkdoM/default.jpg,video relacionado
3zbjusZWKL4,15 Pessoas que Comemoraram Cedo Demais,#Ref√∫gio Mental,UChYkldqKWymAKTsPku_tDfg,2018-07-10T11:14:12.000Z,https://i.ytimg.com/vi/3zbjusZWKL4/default.jpg,video relacionado
Or47qOV0wC0,VOC√ä N√ÉO VAI ACREDITAR NO SIGNIFICADO DISSO,Felipe Neto,UCV306eHqgo0LvBf3Mh36AHg,2018-11-14T11:08:40.000Z,https://i.ytimg.com/vi/Or47qOV0wC0/default.jpg,video relacionado
ZYNCIBbljR0,COMO EST√ÉO HOJE OS MAIORES MEMES DA INTERNET?,Felipe Neto,UCV306eHqgo0LvBf3Mh36AHg,2018-09-03T20:18:12.000Z,https://i.ytimg.com/vi/ZYNCIBbljR0/default.jpg,video relacionado
r3ODnHEmHeM,10 Atletas Mais Bonitas Do Mundo,Sua Descoberta,UCx9XK4w2FYmTuzv9uXHBYuw,2019-01-17T01:55:37.000Z,https://i.ytimg.com/vi/r3ODnHEmHeM/default.jpg,video relacionado
6jL2Fi-fU1Y,‚ÄúTivemos que partir‚Äù I 360¬∫,MSFBrasil,UCyG6SY3s8fS7ZKje6lv1JKg,2018-12-04T14:22:09.000Z,https://i.ytimg.com/vi/6jL2Fi-fU1Y/default.jpg,video relacionado
X8VTa_QMcqQ,ISSO √â INCRIVELMENTE SATISFAT√ìRIO !,malena010102,UCAA4eBBT2lt4C3YcXMdNOFA,2019-02-14T21:36:51.000Z,https://i.ytimg.com/vi/X8VTa_QMcqQ/default.jpg,video relacionado
87cDNXZncfI,DESAFIO COLOCANDO INGREDIENTES NA CLEAR SLIME POR TELEPATIA ! SLIME POR TELEPATIA ! SOFIASFURLANI,SofiaS Furlani,UCDMpQ5ZK_WtSd7_Sor3xtkg,2018-08-18T15:22:24.000Z,https://i.ytimg.com/vi/87cDNXZncfI/default.jpg,video relacionado
ANt21P9wiOo,DESAFIO DA MEM√ìRIA GIGANTE DOS IRM√ÉOS NETO,Canal IN,UCIR9VKPE70KJ4DX2zCjHObw,2018-09-19T03:38:54.000Z,https://i.ytimg.com/vi/ANt21P9wiOo/default.jpg,video relacionado
mBBUux0Wwl4,6 ATLETAS QUE FORAM PEGOS ROUBANDO AO VIVO!,Felipe Neto,UCV306eHqgo0LvBf3Mh36AHg,2018-09-14T06:53:21.000Z,https://i.ytimg.com/vi/mBBUux0Wwl4/default.jpg,video relacionado
n-w4n6TJcHM,"CASAIS que voc√™ N√ÉO VAI ACREDITAR, mas s√£o REAIS",Felipe Neto,UCV306eHqgo0LvBf3Mh36AHg,2019-01-04T19:22:04.000Z,https://i.ytimg.com/vi/n-w4n6TJcHM/default.jpg,video relacionado
gVArcSTN7wc,COMENT√ÅRIOS MAIS ENGRA√áADOS DA INTERNET,Felipe Neto,UCV306eHqgo0LvBf3Mh36AHg,2018-12-29T18:39:53.000Z,https://i.ytimg.com/vi/gVArcSTN7wc/default.jpg,video relacionado
cXM10T5Iqm8,OS AVENTUREIROS DERAM A FAMOSA VOLTA AO MUNDO !!!,LUCCAS NETO - LUCCAS TOON,UC_gV70G_Y51LTa3qhu8KiEA,2019-01-05T20:51:09.000Z,https://i.ytimg.com/vi/cXM10T5Iqm8/default.jpg,video relacionado
tIYg_Nz657Q,PESSOAS COM PARASITAS DENTRO DO CORPO! Incluindo eu...,Felipe Neto,UCV306eHqgo0LvBf3Mh36AHg,2019-04-15T19:55:00.000Z,https://i.ytimg.com/vi/tIYg_Nz657Q/default.jpg,video relacionado
UrqdQ_Fwvs8,DESAFIO DE M√çMICA NA SOMBRA (POR TR√ÅS DOS PANOS)!!,Canal IN,UCIR9VKPE70KJ4DX2zCjHObw,2018-07-12T04:23:39.000Z,https://i.ytimg.com/vi/UrqdQ_Fwvs8/default.jpg,video relacionado
WZN0pGnFbQg,4 Mist√©rios que foram DESVENDADOS!,Felipe Neto,UCV306eHqgo0LvBf3Mh36AHg,2019-01-26T17:48:19.000Z,https://i.ytimg.com/vi/WZN0pGnFbQg/default.jpg,video relacionado
VIEElCS14sw,TENTE N√ÉO RIR - O SALTO DA LOUCA,Felipe Neto,UCV306eHqgo0LvBf3Mh36AHg,2018-05-24T10:27:25.000Z,https://i.ytimg.com/vi/VIEElCS14sw/default.jpg,video relacionado
jdrEaAExVUs,GANHARAM NA LOTERIA E PERDERAM TUDO!,Felipe Neto,UCV306eHqgo0LvBf3Mh36AHg,2018-09-08T20:03:52.000Z,https://i.ytimg.com/vi/jdrEaAExVUs/default.jpg,video relacionado
4wObt9Fg0P0,Eu APOSTO que voc√™ N√ÉO NOTOU ESSE ERRO!,Felipe Neto,UCV306eHqgo0LvBf3Mh36AHg,2019-02-05T11:25:02.000Z,https://i.ytimg.com/vi/4wObt9Fg0P0/default.jpg,video relacionado
Aif5VgGY_q0,PRODUTOS BIZARROS DO ALIEXPRESS,Felipe Neto,UCV306eHqgo0LvBf3Mh36AHg,2019-01-06T19:31:39.000Z,https://i.ytimg.com/vi/Aif5VgGY_q0/default.jpg,video relacionado
pi8hDpc6RIs,ATRA√á√ïES MAIS BIZARRAS DO MUNDO,Felipe Neto,UCV306eHqgo0LvBf3Mh36AHg,2019-01-07T11:16:45.000Z,https://i.ytimg.com/vi/pi8hDpc6RIs/default.jpg,video relacionado
F2Q0wu4V0D0,CONSELHOS DE AMOR #1 com Bianka & Nika,SAPATOMICA,UCNjZbyzDghxdA-Ecpcl2fWw,2018-05-31T21:18:44.000Z,https://i.ytimg.com/vi/F2Q0wu4V0D0/default.jpg,video relacionado
woWmDOJiFvc,Iana: Uma hist√≥ria emocionante de aceita√ß√£o,ONU Brasil,UCBLdmg9Tn_-elWqAP3MAdog,2016-06-21T19:23:41.000Z,https://i.ytimg.com/vi/woWmDOJiFvc/default.jpg,video relacionado
0XcPI66PjKk,COMO SE PROTEGER NUM ENCONTRO COM ALGU√âM DA INTERNET,SAPATOMICA,UCNjZbyzDghxdA-Ecpcl2fWw,2019-01-27T22:24:51.000Z,https://i.ytimg.com/vi/0XcPI66PjKk/default.jpg,video relacionado
6p5ikHBpVGM,INVISIBILIDADE L√âSBICA,SAPATOMICA,UCNjZbyzDghxdA-Ecpcl2fWw,2017-08-29T02:53:36.000Z,https://i.ytimg.com/vi/6p5ikHBpVGM/default.jpg,video relacionado
icndhBQOlSM,Socorro!!! Meu filho √© gay!,Viaje com a Cris,UCPLWKN9RXP6noM6qAoZtwbg,2015-04-10T01:21:17.000Z,https://i.ytimg.com/vi/icndhBQOlSM/default.jpg,video relacionado
xY2dHJdyids,100 Melhores G√≠rias LGBT,canal100palavras,UCU64eSJuh_ZVI-2jiu1unmQ,2017-03-06T20:23:57.000Z,https://i.ytimg.com/vi/xY2dHJdyids/default.jpg,video relacionado
_AiFU46w0Tk,COMO ME ASSUMI TRANS.,Ma Pantale√£o,UChvxTR6MA318bUBu8JVHU4A,2018-11-28T22:13:03.000Z,https://i.ytimg.com/vi/_AiFU46w0Tk/default.jpg,video relacionado
lmKQRfyKuJ0,G√™meos se assumem pro pai (Twins Come Out To Dad) video legendado,CineArcoIris,UCrK9PmYgUJom6Qr7MCoxupA,2015-01-17T21:33:08.000Z,https://i.ytimg.com/vi/lmKQRfyKuJ0/default.jpg,video relacionado
PfGukt5G6NM,OQ N√ÉO FALAR PRA UMA IND√çGENA,ellora,UCOAYJTn0tRL-a8d-lm8fIWA,2018-12-20T19:19:03.000Z,https://i.ytimg.com/vi/PfGukt5G6NM/default.jpg,video relacionado
ZHGFLSyZzDU,TRI√ÇNGULO PRETO,SAPATOMICA,UCNjZbyzDghxdA-Ecpcl2fWw,2017-10-25T23:33:13.000Z,https://i.ytimg.com/vi/ZHGFLSyZzDU/default.jpg,video relacionado
-8sxgCKf-_M,Quebrando o tabu - depoimentos de pessoas que se assumiram gays,KADU DIAS SAMPA BAURU,UCWAW3P3x8HMWlByEvqovgig,2017-09-20T10:05:36.000Z,https://i.ytimg.com/vi/-8sxgCKf-_M/default.jpg,video relacionado
ebjL0q0zkmc,SOFRER OU N√ÉO SOFRER,SAPATOMICA,UCNjZbyzDghxdA-Ecpcl2fWw,2017-05-21T21:28:34.000Z,https://i.ytimg.com/vi/ebjL0q0zkmc/default.jpg,video relacionado
b8ij-8TGcCk,CASA DAS SAPATUBERS,SAPATOMICA,UCNjZbyzDghxdA-Ecpcl2fWw,2017-02-13T00:26:04.000Z,https://i.ytimg.com/vi/b8ij-8TGcCk/default.jpg,video relacionado
LOODMtCp8Ak,PONTO L #6 üî• T√âCNICA COM OS DEDOS,SAPATOMICA,UCNjZbyzDghxdA-Ecpcl2fWw,2018-11-02T22:37:47.000Z,https://i.ytimg.com/vi/LOODMtCp8Ak/default.jpg,video relacionado
8isU-jHJMpk,EU SOU ANDR√ìGINA ‚öß,SAPATOMICA,UCNjZbyzDghxdA-Ecpcl2fWw,2018-02-18T22:22:56.000Z,https://i.ytimg.com/vi/8isU-jHJMpk/default.jpg,video relacionado
WkljMCoa9as,M√ÉE E BISSEXUAL | #VisibilidadeBi | Louie Ponto e Dani Vieira,Louie Ponto,UCotvjHFuCq-wQS31N6G9S5g,2017-09-17T17:51:58.000Z,https://i.ytimg.com/vi/WkljMCoa9as/default.jpg,video relacionado
3Q0I3ELT4Kw,PARADA LGBT - DESBOCADA NA RUA,Bruna Louise,UCbcFvr3JR2_1OWkvLR9uFhg,2017-06-22T21:20:28.000Z,https://i.ytimg.com/vi/3Q0I3ELT4Kw/default.jpg,video relacionado
D-ccrpDRHAw,CONSELHOS DE PAIS PARA PAIS,yaakutsu,UC1DoagGkdcKEMx8blHr324g,2018-06-02T15:10:29.000Z,https://i.ytimg.com/vi/D-ccrpDRHAw/default.jpg,video relacionado
w2WxjfM_EGc,7 coisas que toda sapa j√° fez pra pegar o crush.,LelaGomes,UCjhtuPbSCmJDlAhm5QAs3Zg,2016-12-06T18:03:33.000Z,https://i.ytimg.com/vi/w2WxjfM_EGc/default.jpg,video relacionado
TgB6yQfBTss,FAMOSOS QUE SE ASSUMIRAM EM 2016 #LGBT,Federico Devito,UC00ToXSzdPEOYVokbhZaxYA,2017-01-17T04:30:01.000Z,https://i.ytimg.com/vi/TgB6yQfBTss/default.jpg,video relacionado
JWukx3HGBKI,The Beautiful World of Jeffree Star,shane,UCV9_KinVpV-snHe3C3n1hvA,2019-09-27T02:08:40.000Z,https://i.ytimg.com/vi/JWukx3HGBKI/default.jpg,video relacionado
kGM4uYZzfu0,BIRDS OF PREY - Official Trailer 1,Warner Bros. Pictures,UCjmJDM5pRKbUlVIzDYYWb6g,2019-10-01T15:18:00.000Z,https://i.ytimg.com/vi/kGM4uYZzfu0/default.jpg,video relacionado
cIiDY4WA0oo,Stranger Things 4 | Official Announcement,Stranger Things,UChmpTxQ0Gp8KEJKsqzeg9Lg,2019-09-27T21:52:56.000Z,https://i.ytimg.com/vi/cIiDY4WA0oo/default.jpg,video relacionado
XGvbKp23iOg,"Customizing 11 iPhone 11s, Then Giving Them To People!!üì±üìû (Giveaway)",ZHC,UClQubH2NeMmGLTLgNdLBwXg,2019-09-30T18:44:26.000Z,https://i.ytimg.com/vi/XGvbKp23iOg/default.jpg,video relacionado
cee6883w2Nk,Binging with Babish: Secret Ingredient Soup from Kung Fu Panda,Binging with Babish,UCJHA_jMfCvEnv-3kRjTCQXw,2019-10-01T03:36:09.000Z,https://i.ytimg.com/vi/cee6883w2Nk/default.jpg,video relacionado
EhLs-x8xqBk,Apex Legends Season 3 ‚Äì Meltdown Battle Pass Overview Trailer,Apex Legends,UC0ZV6M2THA81QT9hrVWJG3A,2019-09-30T22:06:43.000Z,https://i.ytimg.com/vi/EhLs-x8xqBk/default.jpg,video relacionado
_WHRWLnVm_M,Laws & Causes,Vsauce,UC6nSFpj9HTCZ5t-N3Rm3-HA,2019-10-01T12:04:31.000Z,https://i.ytimg.com/vi/_WHRWLnVm_M/default.jpg,video relacionado
Nuzi7LlSDVo,Compounding Pharmacies: Last Week Tonight with John Oliver (HBO),LastWeekTonight,UC3XTzVzaHQEd30rQbuvCtTQ,2019-09-30T01:27:51.000Z,https://i.ytimg.com/vi/Nuzi7LlSDVo/default.jpg,video relacionado
p2G7buZ2JSg,Green Beret Justin Lascek Leaves Joe Speechless,JRE Clips,UCnxGkOGNMqQEUMvroOWps6Q,2019-10-01T03:52:35.000Z,https://i.ytimg.com/vi/p2G7buZ2JSg/default.jpg,video relacionado
cIQ36Kt7UVg,A conversation with Elon Musk about Starship,Everyday Astronaut,UC6uKrU_WqJ1R2HMTY3LIx5Q,2019-09-30T13:12:46.000Z,https://i.ytimg.com/vi/cIQ36Kt7UVg/default.jpg,video relacionado
HEbulmDiDEw,Villain Pub - Return of the Palps (Star Wars Predictions),How It Should Have Ended,UCHCph-_jLba_9atyCZJPLQQ,2019-09-30T16:50:06.000Z,https://i.ytimg.com/vi/HEbulmDiDEw/default.jpg,video relacionado
SvzTGwmRmgg,Sweet Spicy Food Vs. Spicy Sweet Food Taste Test,Good Mythical Morning,UC4PooiX37Pld1T8J5SYT-SQ,2019-09-30T21:57:06.000Z,https://i.ytimg.com/vi/SvzTGwmRmgg/default.jpg,video relacionado
sCv-dIFGcd0,Monaco Grand Prix 1962 - High Quality footage - Flying Clipper,NoProperThrottleControl,UCqBYCFu5wkf0YxYORNQjqwQ,2018-01-09T18:16:12.000Z,https://i.ytimg.com/vi/sCv-dIFGcd0/default.jpg,video relacionado
XxHPjw5k4L4,[50fps] Rain CHAOS at the 2001 Malaysian GP,The Fastlane,UC60WvdFGQatKTwQ0RDKqsWQ,2019-03-31T10:10:04.000Z,https://i.ytimg.com/vi/XxHPjw5k4L4/default.jpg,video relacionado
ld7c6ZO4n2A,"Road Trip USA | Daniel Ricciardo takes F1 to San Francisco, Monument Valley and Las Vegas",Aston Martin Red Bull Racing,UCQIyqMWCdx1GBvbw_Yi6lEA,2018-08-01T19:34:19.000Z,https://i.ytimg.com/vi/ld7c6ZO4n2A/default.jpg,video relacionado
3LcNwfG96Mw,Lewis Hamilton Driving His Pagani Zonda 760LH in Monaco! [Monaco Supercar Insanity #8],LK HORIZON,UClk2ToMUG3R-GHJKpd2LaaQ,2017-07-05T22:48:27.000Z,https://i.ytimg.com/vi/3LcNwfG96Mw/default.jpg,video relacionado
lmM0Jwx-Bjo,DRIVING MY 1955 MERCEDES 300SL IN MONACO | NICO ROSBERG | eVLOG,Nico Rosberg,UCtLZ6qQgB-EwQy5HWIo3X-w,2018-05-03T17:54:54.000Z,https://i.ytimg.com/vi/lmM0Jwx-Bjo/default.jpg,video relacionado
1JjywIFE5bI,"O k****, zapadli≈õmy siƒô!",Dawid K≈Çoda,UCdCFUWnxFIp9ipNfHmtVKug,2019-02-01T20:13:57.000Z,https://i.ytimg.com/vi/1JjywIFE5bI/default.jpg,video relacionado
RtKJqn1kklE,How Did Monaco's Famous Corners Get Their Names?,FORMULA 1,UCB_qr75-ydFVKSF9Dmo6izg,2016-05-24T17:18:51.000Z,https://i.ytimg.com/vi/RtKJqn1kklE/default.jpg,video relacionado
W4T3BMCO6OU,Fighting Through From The Back At Spa Kart Circuit,Super GT,UC-sJ8u8eu_ivfzekwkue38g,2019-05-31T14:19:31.000Z,https://i.ytimg.com/vi/W4T3BMCO6OU/default.jpg,video relacionado
1mZPI2AsF6k,Monaco - The secrets of a true luxury stay - LUXE.TV,"LUXE.TV, your luxury channel",UCtETds9bzPg142Si5Fx_3tg,2017-11-17T13:31:01.000Z,https://i.ytimg.com/vi/1mZPI2AsF6k/default.jpg,video relacionado
40oSH-ABYow,MCLAREN P1 ON MONACO GP TRACK WITH MIKA H√ÑKKINEN | NICO ROSBERG | eVLOG,Nico Rosberg,UCtLZ6qQgB-EwQy5HWIo3X-w,2018-04-21T09:08:42.000Z,https://i.ytimg.com/vi/40oSH-ABYow/default.jpg,video relacionado
5Xg4Fr9SY04,Onboard with Juan Manuel Fangio testing Maserati 1957 F1 - Modena Autodrome,Duke Video,UCZkjakEhu1YItgYDKpjFGaQ,2012-10-18T10:43:57.000Z,https://i.ytimg.com/vi/5Xg4Fr9SY04/default.jpg,video relacionado
wYUuF--OQs0,2019 Monaco Grand Prix: Race Highlights,FORMULA 1,UCB_qr75-ydFVKSF9Dmo6izg,2019-05-26T17:20:04.000Z,https://i.ytimg.com/vi/wYUuF--OQs0/default.jpg,video relacionado
0yEuY-0DX4g,POLICE vs SUPERCARS in Monaco!,Gumbal,UCwn0jaGbgMkYioOWBzMog1Q,2019-05-25T09:38:16.000Z,https://i.ytimg.com/vi/0yEuY-0DX4g/default.jpg,video relacionado
WPcwE55t_f4,Le Mans   START OF THE RACE. Steve McQueen,EverythingOrNothing*EON*,UCvw1fy0i_Kdp7KTndBCm9LQ,2016-04-13T05:12:06.000Z,https://i.ytimg.com/vi/WPcwE55t_f4/default.jpg,video relacionado
xLI6fOG3WdI,Prost v. Senna - Suzuka 1989 (50fps Broadcast Quality),The Fastlane,UC60WvdFGQatKTwQ0RDKqsWQ,2017-10-11T06:59:18.000Z,https://i.ytimg.com/vi/xLI6fOG3WdI/default.jpg,video relacionado
lmM0Jwx-Bjo,DRIVING MY 1955 MERCEDES 300SL IN MONACO | NICO ROSBERG | eVLOG,Nico Rosberg,UCtLZ6qQgB-EwQy5HWIo3X-w,2018-05-03T17:54:54.000Z,https://i.ytimg.com/vi/lmM0Jwx-Bjo/default.jpg,video relacionado
qY5vXuSDzaw,The Legend of Jim Clark Must Watch Historical Footage,The Motorsport Archives,UC7K4MU6mcG3SVbX0Ab2vuIQ,2019-02-22T11:21:17.000Z,https://i.ytimg.com/vi/qY5vXuSDzaw/default.jpg,video relacionado
hxOwxsob67Q,1961 Spa Belgium GP,scalex2000,UCmGgtgFk1ubf_LyUVbcksfA,2009-11-04T22:13:16.000Z,https://i.ytimg.com/vi/hxOwxsob67Q/default.jpg,video relacionado
yCbY_GAc1LI,Most Strange and Crazy Race Cars. Unusual and Funny F1 Cars.,–ú–∏—Ä –ó–∞–±—Ä–æ—à–µ–∫,UChRuY5KwPCPAim_nx-dik6Q,2017-07-21T07:35:47.000Z,https://i.ytimg.com/vi/yCbY_GAc1LI/default.jpg,video relacionado
IpRFagIbcPE,On Board with Mike Hawthorne at Le Mans 1956 | D-type Jaguar,Duke Video,UCZkjakEhu1YItgYDKpjFGaQ,2017-01-13T10:27:47.000Z,https://i.ytimg.com/vi/IpRFagIbcPE/default.jpg,video relacionado
tL_2Ln5-rOg,A Step - LGBTQ Short Film [love and pride] NHSI 2018,Baggio Jiang,UCynFJCcxgGEuZkTPlybnERQ,2018-10-19T21:03:10.000Z,https://i.ytimg.com/vi/tL_2Ln5-rOg/default.jpg,video relacionado
rSKGIEzkKVM,REAGINDO INSTAGRAM DE INSCRITAS!,Brenda Gasparoto,UCHiKP3dFr6c9wVoxHva_sLg,2019-01-14T23:10:04.000Z,https://i.ytimg.com/vi/rSKGIEzkKVM/default.jpg,video relacionado
VjnECFQE5ZA,VLOG PARADA LGBT S√ÉO PAULO l LGBT PRIDE BRAZIL #LGBTpride,Brenda Gasparoto,UCHiKP3dFr6c9wVoxHva_sLg,2019-06-25T19:24:41.000Z,https://i.ytimg.com/vi/VjnECFQE5ZA/default.jpg,video relacionado
V-qjbn53GZM,REAGINDO A FOTOS ANTES DA TRANSI√á√ÉO DE GENERO,Sayuri Mattar,UCeQzzT-WhnC8Oy3PaVYW7Xg,2019-08-05T20:50:43.000Z,https://i.ytimg.com/vi/V-qjbn53GZM/default.jpg,video relacionado
0SJ7AK94dVs,RASPANDO O CABELO - P.LANDUCCI,DiariodePLanducci,UCKqPoX-xWuDls9yfhr8zVhQ,2017-05-04T18:10:19.000Z,https://i.ytimg.com/vi/0SJ7AK94dVs/default.jpg,video relacionado
1p3Cs7K68G8,"SE VOC√ä √â SAPAT√ÉO, VOC√ä J√Å FEZ ISSO CCTZ | #Veda202",APTO 202,UCwZ3HhzkUvBYa2bYZR9Uf3Q,2019-08-05T18:07:46.000Z,https://i.ytimg.com/vi/1p3Cs7K68G8/default.jpg,video relacionado
RWHxG5_w_3U,UM DIA INTEIRO ASSUSTANDO MINHA NAMORADA!,HeeyCat,UCTLIsmvBLXnJh6HDIiCQHOQ,2019-08-01T01:40:30.000Z,https://i.ytimg.com/vi/RWHxG5_w_3U/default.jpg,video relacionado
oVTpTRORWaM,COMO SER ESTILOSO(A) GASTANDO POUCO!,Brenda Gasparoto,UCHiKP3dFr6c9wVoxHva_sLg,2018-09-27T17:03:36.000Z,https://i.ytimg.com/vi/oVTpTRORWaM/default.jpg,video relacionado
CTRDm0aqFBk,Casais LGBT‚ù§,Loves LGBT,UCZok9S5P8-8mjwL64OrkHKw,2018-10-21T02:21:17.000Z,https://i.ytimg.com/vi/CTRDm0aqFBk/default.jpg,video relacionado
tyVPLG8NQYQ,ERA PARA SER S√ì UM EVENTO üòî,Loma Moura Vlog,UCO3l-krIOdet92Io-qzpKXg,2018-08-10T21:43:53.000Z,https://i.ytimg.com/vi/tyVPLG8NQYQ/default.jpg,video relacionado
VjnECFQE5ZA,VLOG PARADA LGBT S√ÉO PAULO l LGBT PRIDE BRAZIL #LGBTpride,Brenda Gasparoto,UCHiKP3dFr6c9wVoxHva_sLg,2019-06-25T19:24:41.000Z,https://i.ytimg.com/vi/VjnECFQE5ZA/default.jpg,video relacionado
oVTpTRORWaM,COMO SER ESTILOSO(A) GASTANDO POUCO!,Brenda Gasparoto,UCHiKP3dFr6c9wVoxHva_sLg,2018-09-27T17:03:36.000Z,https://i.ytimg.com/vi/oVTpTRORWaM/default.jpg,video relacionado
O6sSBxJSaS8,TOUR PELO MEU CORPO - MEUS PIERCINGS,N√£o Conta L√° Em Casa !,UC4watHArB26Q30FRNF3J9Fw,2019-02-07T21:08:27.000Z,https://i.ytimg.com/vi/O6sSBxJSaS8/default.jpg,video relacionado
gA2fsl34VHg,9# ELA ME LARGOU [fanfic],GRILADA,UCxuJOBILLLckFKl1RS-K_0A,2017-04-11T18:40:37.000Z,https://i.ytimg.com/vi/gA2fsl34VHg/default.jpg,video relacionado
KAoQoLHjJR0,REAGINDO AS FOTOS DE ANTES E DEPOIS DAS MINHAS INSCRITAS!! #2,Drummon,UCQIjbghFevLjn6lin4zC8aQ,2019-02-12T00:22:09.000Z,https://i.ytimg.com/vi/KAoQoLHjJR0/default.jpg,video relacionado
9pkrxYksMU8,LADOS BONS E RUINS DE SER SAPAT√ÉO! - THAIS RIBEIRO - Feat. Juliana Arv,Thais Ribeiro,UCZjknhc3bM_MZc-0Lx1UUmA,2018-07-04T01:19:19.000Z,https://i.ytimg.com/vi/9pkrxYksMU8/default.jpg,video relacionado
yjX2XEaunkw,[QUASE] UM DIA INTEIRO MORDENDO A NAMORADA,J√∫lia e Fl√°via,UC2KXMFensOJB8yBusz1RG2Q,2019-02-06T11:13:03.000Z,https://i.ytimg.com/vi/yjX2XEaunkw/default.jpg,video relacionado
7aTWtHcdqpM,TOUR PELO NOSSO AP√ä DE 26m¬≤,Ded√™ Soares,UCzgQj77BQNLPMQJhWyvQ4Zg,2019-01-05T20:32:09.000Z,https://i.ytimg.com/vi/7aTWtHcdqpM/default.jpg,video relacionado
a78SQSccDQw,BEIJEI A GABI LOPES E TROTE NO JO√ÉO GUILHERME,canal da rippi,UCB_fba7yYMwa91F7rijBsVA,2017-12-18T16:56:14.000Z,https://i.ytimg.com/vi/a78SQSccDQw/default.jpg,video relacionado
JhQA8dCuswY,LENDO SUPOSI√á√ïES AO MEU RESPEITO! O que voc√™s acham de mim?  | Mi Alves,Mi Alves,UCZE7Ci_IhhWbcnIgwi2gYNQ,2019-01-21T21:26:48.000Z,https://i.ytimg.com/vi/JhQA8dCuswY/default.jpg,video relacionado
